,hotel_id,price,stock,city,date,language,mobile,avatar_id
0,986,175,197,paris,44,greek,0,132
1,123,106,113,paris,44,greek,0,132
2,926,171,197,paris,44,greek,0,132
3,419,106,111,paris,44,greek,0,132
4,948,175,195,paris,44,greek,0,132
5,723,78,57,paris,44,greek,0,132
6,182,147,140,paris,44,greek,0,132
7,785,177,195,paris,44,greek,0,132
8,477,77,140,paris,44,greek,0,132
9,257,146,140,paris,44,greek,0,132
10,866,249,280,paris,44,greek,0,132
11,576,177,196,paris,44,greek,0,132
12,254,150,140,paris,44,greek,0,132
13,148,104,112,paris,44,greek,0,132
14,748,174,195,paris,44,greek,0,132
15,790,247,276,paris,44,greek,0,132
16,579,76,56,paris,44,greek,0,132
17,41,106,110,paris,44,greek,0,132
18,467,242,278,paris,44,greek,0,132
19,323,245,280,paris,44,greek,0,132
20,301,104,111,paris,44,greek,0,132
21,582,178,195,paris,44,greek,0,132
22,734,110,112,paris,44,greek,0,132
23,199,178,197,paris,44,greek,0,132
24,534,249,279,paris,44,greek,0,132
25,808,241,281,paris,44,greek,0,132
26,584,252,279,paris,44,greek,0,132
27,573,250,281,paris,44,greek,0,132
28,357,146,138,paris,44,greek,0,132
29,735,106,112,paris,44,greek,0,132
30,379,247,280,paris,44,greek,0,132
31,756,174,197,paris,44,greek,0,132
32,522,107,112,paris,44,greek,0,132
33,614,80,56,paris,44,greek,0,132
34,339,172,196,paris,44,greek,0,132
35,227,76,55,paris,44,greek,0,132
36,885,150,138,paris,44,greek,0,132
37,825,146,140,paris,44,greek,0,132
38,447,106,112,paris,44,greek,0,132
39,858,172,197,paris,44,greek,0,132
40,71,250,277,paris,44,greek,0,132
41,577,146,138,paris,44,greek,0,132
42,259,107,112,paris,44,greek,0,132
43,705,111,112,paris,44,greek,0,132
44,792,81,141,paris,44,greek,0,132
45,970,239,281,paris,44,greek,0,132
46,290,150,140,paris,44,greek,0,132
47,69,250,279,paris,44,greek,0,132
48,837,241,280,paris,44,greek,0,132
49,731,146,138,paris,44,greek,0,132
50,738,111,112,paris,44,greek,0,132
51,188,84,56,paris,44,greek,0,132
52,640,151,140,paris,44,greek,0,132
53,889,150,138,paris,44,greek,0,132
54,853,146,138,paris,44,greek,0,132
55,599,102,111,paris,44,greek,0,132
56,274,150,140,paris,44,greek,0,132
57,884,174,197,paris,44,greek,0,132
58,121,75,56,paris,44,greek,0,132
59,564,84,55,paris,44,greek,0,132
60,797,112,112,paris,44,greek,0,132
61,656,106,112,paris,44,greek,0,132
62,397,252,279,paris,44,greek,0,132
63,159,172,195,paris,44,greek,0,132
64,942,171,198,paris,44,greek,0,132
65,903,81,112,paris,44,greek,0,132
66,595,146,140,paris,44,greek,0,132
67,972,78,56,paris,44,greek,0,132
68,776,144,140,paris,44,greek,0,132
69,540,249,279,paris,44,greek,0,132
70,66,144,140,paris,44,greek,0,132
71,767,146,138,paris,44,greek,0,132
72,700,177,195,paris,44,greek,0,132
73,216,175,195,paris,44,greek,0,132
74,617,245,275,paris,44,greek,0,132
75,663,147,140,paris,44,greek,0,132
76,421,112,110,paris,44,greek,0,132
77,882,172,194,paris,44,greek,0,132
78,436,245,280,paris,44,greek,0,132
79,975,144,138,paris,44,greek,0,132
80,94,247,279,paris,44,greek,0,132
81,14,141,111,paris,44,greek,0,132
82,225,150,139,paris,44,greek,0,132
83,162,245,279,paris,44,greek,0,132
84,803,247,276,paris,44,greek,0,132
85,629,79,111,paris,44,greek,0,132
86,526,252,280,paris,44,greek,0,132
87,868,170,197,paris,44,greek,0,132
88,963,106,112,paris,44,greek,0,132
89,176,78,55,paris,44,greek,0,132
90,133,144,138,paris,44,greek,0,132
91,62,78,56,paris,44,greek,0,132
92,827,83,56,paris,44,greek,0,132
93,21,78,55,paris,44,greek,0,132
94,741,147,140,paris,44,greek,0,132
95,602,105,56,paris,44,greek,0,132
96,65,146,139,paris,44,greek,0,132
97,851,81,112,paris,44,greek,0,132
98,412,252,278,paris,44,greek,0,132
99,742,246,283,paris,44,greek,0,132
100,842,242,272,paris,44,greek,0,132
101,817,178,195,paris,44,greek,0,132
102,28,108,111,paris,44,greek,0,132
103,49,146,141,paris,44,greek,0,132
104,492,106,112,paris,44,greek,0,132
105,795,151,138,paris,44,greek,0,132
106,558,80,56,paris,44,greek,0,132
107,56,174,195,paris,44,greek,0,132
108,238,144,138,paris,44,greek,0,132
109,24,242,280,paris,44,greek,0,132
110,207,150,140,paris,44,greek,0,132
111,331,77,111,paris,44,greek,0,132
112,130,172,197,paris,44,greek,0,132
113,119,172,195,paris,44,greek,0,132
114,17,81,56,paris,44,greek,0,132
115,338,178,197,paris,44,greek,0,132
116,327,177,195,paris,44,greek,0,132
117,684,76,55,paris,44,greek,0,132
118,248,171,195,paris,44,greek,0,132
119,949,246,282,paris,44,greek,0,132
120,27,249,281,paris,44,greek,0,132
121,95,247,279,paris,44,greek,0,132
122,580,110,112,paris,44,greek,0,132
123,998,175,192,paris,44,greek,0,132
124,132,245,275,paris,44,greek,0,132
125,823,171,195,paris,44,greek,0,132
126,647,111,113,paris,44,greek,0,132
127,910,80,55,paris,44,greek,0,132
128,612,177,198,paris,44,greek,0,132
129,863,249,280,paris,44,greek,0,132
130,722,151,141,paris,44,greek,0,132
131,782,252,276,paris,44,greek,0,132
132,937,175,195,paris,44,greek,0,132
133,645,146,141,paris,44,greek,0,132
134,29,174,196,paris,44,greek,0,132
135,308,175,195,paris,44,greek,0,132
136,571,249,278,paris,44,greek,0,132
137,509,81,56,paris,44,greek,0,132
138,560,144,139,paris,44,greek,0,132
139,736,175,194,paris,44,greek,0,132
140,192,108,55,paris,44,greek,0,132
141,150,177,198,paris,44,greek,0,132
142,0,171,197,paris,44,greek,0,132
143,449,172,195,paris,44,greek,0,132
144,631,75,55,paris,44,greek,0,132
145,415,110,110,paris,44,greek,0,132
146,841,79,112,paris,44,greek,0,132
147,314,106,111,paris,44,greek,0,132
148,165,147,141,paris,44,greek,0,132
149,912,150,140,paris,44,greek,0,132
150,980,104,112,paris,44,greek,0,132
151,299,105,142,paris,44,greek,0,132
152,222,247,281,paris,44,greek,0,132
153,115,106,114,paris,44,greek,0,132
154,992,75,56,paris,44,greek,0,132
155,708,146,139,paris,44,greek,0,132
156,484,107,112,paris,44,greek,0,132
157,359,110,110,paris,44,greek,0,132
158,305,151,140,paris,44,greek,0,132
159,229,172,195,paris,44,greek,0,132
160,474,147,140,paris,44,greek,0,132
161,306,171,194,paris,44,greek,0,132
162,946,177,196,paris,44,greek,0,132
163,911,111,112,paris,44,greek,0,132
164,342,109,56,paris,44,greek,0,132
165,392,147,138,paris,44,greek,0,132
166,634,79,56,paris,44,greek,0,132
0,323,236,280,paris,44,french,0,132
1,306,165,194,paris,44,french,0,132
2,526,243,280,paris,44,french,0,132
3,66,139,140,paris,44,french,0,132
4,305,145,140,paris,44,french,0,132
5,602,101,56,paris,44,french,0,132
6,599,98,111,paris,44,french,0,132
7,41,102,110,paris,44,french,0,132
8,222,238,281,paris,44,french,0,132
9,863,240,280,paris,44,french,0,132
10,705,107,112,paris,44,french,0,132
11,254,144,140,paris,44,french,0,132
12,790,238,276,paris,44,french,0,132
13,216,169,195,paris,44,french,0,132
14,792,78,141,paris,44,french,0,132
15,308,169,195,paris,44,french,0,132
16,467,233,278,paris,44,french,0,132
17,27,240,281,paris,44,french,0,132
18,868,163,197,paris,44,french,0,132
19,299,101,142,paris,44,french,0,132
20,477,74,140,paris,44,french,0,132
21,614,77,56,paris,44,french,0,132
22,827,80,56,paris,44,french,0,132
23,866,240,280,paris,44,french,0,132
24,882,166,194,paris,44,french,0,132
25,419,102,111,paris,44,french,0,132
26,617,236,275,paris,44,french,0,132
27,56,168,195,paris,44,french,0,132
28,970,230,281,paris,44,french,0,132
29,314,102,111,paris,44,french,0,132
30,0,165,197,paris,44,french,0,132
31,808,232,281,paris,44,french,0,132
32,992,73,56,paris,44,french,0,132
33,71,241,277,paris,44,french,0,132
34,595,141,140,paris,44,french,0,132
35,379,238,280,paris,44,french,0,132
36,735,102,112,paris,44,french,0,132
37,257,141,140,paris,44,french,0,132
38,123,102,113,paris,44,french,0,132
39,192,104,55,paris,44,french,0,132
40,119,166,195,paris,44,french,0,132
41,421,108,110,paris,44,french,0,132
42,910,77,55,paris,44,french,0,132
43,95,238,279,paris,44,french,0,132
44,776,139,140,paris,44,french,0,132
45,885,144,138,paris,44,french,0,132
46,65,141,139,paris,44,french,0,132
47,980,100,112,paris,44,french,0,132
48,188,81,56,paris,44,french,0,132
49,331,74,111,paris,44,french,0,132
50,560,139,139,paris,44,french,0,132
51,121,72,56,paris,44,french,0,132
52,738,107,112,paris,44,french,0,132
53,132,236,275,paris,44,french,0,132
54,963,102,112,paris,44,french,0,132
55,17,78,56,paris,44,french,0,132
56,851,78,112,paris,44,french,0,132
57,474,142,140,paris,44,french,0,132
58,415,106,110,paris,44,french,0,132
59,722,145,141,paris,44,french,0,132
60,290,144,140,paris,44,french,0,132
61,736,169,194,paris,44,french,0,132
62,248,165,195,paris,44,french,0,132
63,998,169,192,paris,44,french,0,132
64,782,243,276,paris,44,french,0,132
65,708,141,139,paris,44,french,0,132
66,150,171,198,paris,44,french,0,132
67,573,241,281,paris,44,french,0,132
68,162,236,279,paris,44,french,0,132
69,884,168,197,paris,44,french,0,132
70,357,141,138,paris,44,french,0,132
71,647,107,113,paris,44,french,0,132
72,165,141,141,paris,44,french,0,132
73,841,76,112,paris,44,french,0,132
74,640,145,140,paris,44,french,0,132
75,795,145,138,paris,44,french,0,132
76,449,166,195,paris,44,french,0,132
77,564,81,55,paris,44,french,0,132
78,741,142,140,paris,44,french,0,132
79,392,142,138,paris,44,french,0,132
80,436,236,280,paris,44,french,0,132
81,199,172,197,paris,44,french,0,132
82,942,165,198,paris,44,french,0,132
83,948,169,195,paris,44,french,0,132
84,858,166,197,paris,44,french,0,132
85,926,165,197,paris,44,french,0,132
86,115,102,114,paris,44,french,0,132
87,338,172,197,paris,44,french,0,132
88,576,171,196,paris,44,french,0,132
89,912,144,140,paris,44,french,0,132
90,656,102,112,paris,44,french,0,132
91,853,141,138,paris,44,french,0,132
92,837,232,280,paris,44,french,0,132
93,301,100,111,paris,44,french,0,132
94,631,73,55,paris,44,french,0,132
95,579,74,56,paris,44,french,0,132
96,29,168,196,paris,44,french,0,132
97,522,103,112,paris,44,french,0,132
98,509,78,56,paris,44,french,0,132
99,412,243,278,paris,44,french,0,132
100,207,144,140,paris,44,french,0,132
101,534,240,279,paris,44,french,0,132
102,767,141,138,paris,44,french,0,132
103,259,103,112,paris,44,french,0,132
104,133,138,138,paris,44,french,0,132
105,577,141,138,paris,44,french,0,132
106,823,165,195,paris,44,french,0,132
107,825,141,140,paris,44,french,0,132
108,359,106,110,paris,44,french,0,132
109,148,100,112,paris,44,french,0,132
110,723,76,57,paris,44,french,0,132
111,176,76,55,paris,44,french,0,132
112,903,78,112,paris,44,french,0,132
113,817,172,195,paris,44,french,0,132
114,540,240,279,paris,44,french,0,132
115,785,171,195,paris,44,french,0,132
116,24,233,280,paris,44,french,0,132
117,580,106,112,paris,44,french,0,132
118,584,243,279,paris,44,french,0,132
119,731,141,138,paris,44,french,0,132
120,582,172,195,paris,44,french,0,132
121,803,238,276,paris,44,french,0,132
122,225,144,139,paris,44,french,0,132
123,975,139,138,paris,44,french,0,132
124,634,76,56,paris,44,french,0,132
125,842,233,272,paris,44,french,0,132
126,558,77,56,paris,44,french,0,132
127,339,166,196,paris,44,french,0,132
128,911,107,112,paris,44,french,0,132
129,972,75,56,paris,44,french,0,132
130,937,169,195,paris,44,french,0,132
131,946,171,196,paris,44,french,0,132
132,629,76,111,paris,44,french,0,132
133,327,171,195,paris,44,french,0,132
134,182,142,140,paris,44,french,0,132
135,734,106,112,paris,44,french,0,132
136,14,136,111,paris,44,french,0,132
137,756,168,197,paris,44,french,0,132
138,69,241,279,paris,44,french,0,132
139,28,104,111,paris,44,french,0,132
140,949,237,282,paris,44,french,0,132
141,748,168,195,paris,44,french,0,132
142,684,74,55,paris,44,french,0,132
143,889,144,138,paris,44,french,0,132
144,130,166,197,paris,44,french,0,132
145,492,102,112,paris,44,french,0,132
146,484,103,112,paris,44,french,0,132
147,612,171,198,paris,44,french,0,132
148,986,169,197,paris,44,french,0,132
149,342,105,56,paris,44,french,0,132
150,229,166,195,paris,44,french,0,132
151,571,240,278,paris,44,french,0,132
152,447,102,112,paris,44,french,0,132
153,700,171,195,paris,44,french,0,132
154,663,142,140,paris,44,french,0,132
155,742,237,283,paris,44,french,0,132
156,274,144,140,paris,44,french,0,132
157,94,238,279,paris,44,french,0,132
158,238,139,138,paris,44,french,0,132
159,62,76,56,paris,44,french,0,132
160,397,243,279,paris,44,french,0,132
161,227,74,55,paris,44,french,0,132
162,645,141,141,paris,44,french,0,132
163,797,108,112,paris,44,french,0,132
164,21,76,55,paris,44,french,0,132
165,49,141,141,paris,44,french,0,132
166,159,166,195,paris,44,french,0,132
0,355,77,112,vilnius,44,french,0,132
1,187,122,194,vilnius,44,french,0,132
2,503,169,279,vilnius,44,french,0,132
3,605,123,195,vilnius,44,french,0,132
4,765,55,56,vilnius,44,french,0,132
5,104,52,112,vilnius,44,french,0,132
6,533,122,197,vilnius,44,french,0,132
7,678,76,112,vilnius,44,french,0,132
8,118,77,112,vilnius,44,french,0,132
9,448,101,142,vilnius,44,french,0,132
10,956,73,110,vilnius,44,french,0,132
11,189,100,140,vilnius,44,french,0,132
12,47,119,195,vilnius,44,french,0,132
13,217,119,197,vilnius,44,french,0,132
14,896,52,111,vilnius,44,french,0,132
15,451,99,140,vilnius,44,french,0,132
16,136,75,111,vilnius,44,french,0,132
17,340,72,56,vilnius,44,french,0,132
18,394,53,139,vilnius,44,french,0,132
19,593,54,112,vilnius,44,french,0,132
20,648,55,110,vilnius,44,french,0,132
21,498,76,112,vilnius,44,french,0,132
22,409,76,112,vilnius,44,french,0,132
23,406,51,56,vilnius,44,french,0,132
24,887,101,140,vilnius,44,french,0,132
25,247,122,194,vilnius,44,french,0,132
26,974,103,139,vilnius,44,french,0,132
27,198,102,138,vilnius,44,french,0,132
28,59,101,140,vilnius,44,french,0,132
29,461,52,111,vilnius,44,french,0,132
30,488,172,279,vilnius,44,french,0,132
31,955,56,57,vilnius,44,french,0,132
32,811,101,141,vilnius,44,french,0,132
33,950,72,56,vilnius,44,french,0,132
34,89,76,112,vilnius,44,french,0,132
35,432,120,197,vilnius,44,french,0,132
36,935,57,55,vilnius,44,french,0,132
37,654,119,194,vilnius,44,french,0,132
38,61,167,281,vilnius,44,french,0,132
39,632,77,57,vilnius,44,french,0,132
40,551,54,55,vilnius,44,french,0,132
41,819,119,196,vilnius,44,french,0,132
42,568,77,112,vilnius,44,french,0,132
43,279,52,56,vilnius,44,french,0,132
44,670,72,56,vilnius,44,french,0,132
45,5,119,195,vilnius,44,french,0,132
46,820,122,195,vilnius,44,french,0,132
47,687,102,141,vilnius,44,french,0,132
48,177,119,197,vilnius,44,french,0,132
49,957,56,112,vilnius,44,french,0,132
50,545,104,140,vilnius,44,french,0,132
51,72,52,56,vilnius,44,french,0,132
52,362,77,113,vilnius,44,french,0,132
53,125,52,56,vilnius,44,french,0,132
54,490,104,140,vilnius,44,french,0,132
55,516,173,277,vilnius,44,french,0,132
56,879,103,140,vilnius,44,french,0,132
57,420,52,111,vilnius,44,french,0,132
58,18,52,57,vilnius,44,french,0,132
59,204,53,56,vilnius,44,french,0,132
60,215,73,56,vilnius,44,french,0,132
61,620,119,196,vilnius,44,french,0,132
62,80,169,280,vilnius,44,french,0,132
63,183,121,195,vilnius,44,french,0,132
64,74,103,138,vilnius,44,french,0,132
65,155,75,111,vilnius,44,french,0,132
66,479,119,197,vilnius,44,french,0,132
67,881,122,195,vilnius,44,french,0,132
68,40,101,137,vilnius,44,french,0,132
69,740,103,138,vilnius,44,french,0,132
70,914,52,55,vilnius,44,french,0,132
71,813,103,140,vilnius,44,french,0,132
72,464,72,112,vilnius,44,french,0,132
73,240,122,193,vilnius,44,french,0,132
74,758,57,55,vilnius,44,french,0,132
75,76,53,56,vilnius,44,french,0,132
76,19,51,56,vilnius,44,french,0,132
77,502,76,112,vilnius,44,french,0,132
78,84,168,277,vilnius,44,french,0,132
79,197,101,141,vilnius,44,french,0,132
80,954,103,140,vilnius,44,french,0,132
81,356,71,139,vilnius,44,french,0,132
82,976,75,56,vilnius,44,french,0,132
83,161,104,138,vilnius,44,french,0,132
84,294,55,55,vilnius,44,french,0,132
85,221,51,56,vilnius,44,french,0,132
86,320,102,140,vilnius,44,french,0,132
87,623,170,276,vilnius,44,french,0,132
88,288,103,139,vilnius,44,french,0,132
89,667,100,140,vilnius,44,french,0,132
90,794,175,277,vilnius,44,french,0,132
91,607,102,138,vilnius,44,french,0,132
92,408,102,140,vilnius,44,french,0,132
93,520,77,56,vilnius,44,french,0,132
94,395,53,56,vilnius,44,french,0,132
95,589,55,56,vilnius,44,french,0,132
0,160,87,56,valletta,44,french,0,132
1,988,123,137,valletta,44,french,0,132
2,360,147,194,valletta,44,french,0,132
3,754,209,277,valletta,44,french,0,132
4,376,146,195,valletta,44,french,0,132
5,905,122,139,valletta,44,french,0,132
6,81,122,140,valletta,44,french,0,132
7,106,124,140,valletta,44,french,0,132
8,480,65,56,valletta,44,french,0,132
9,521,63,56,valletta,44,french,0,132
10,371,86,113,valletta,44,french,0,132
11,859,120,111,valletta,44,french,0,132
12,598,123,139,valletta,44,french,0,132
13,282,121,138,valletta,44,french,0,132
14,501,68,56,valletta,44,french,0,132
15,512,145,195,valletta,44,french,0,132
16,985,63,113,valletta,44,french,0,132
17,643,68,55,valletta,44,french,0,132
18,424,145,196,valletta,44,french,0,132
19,491,143,196,valletta,44,french,0,132
20,504,141,196,valletta,44,french,0,132
21,244,206,280,valletta,44,french,0,132
22,718,121,140,valletta,44,french,0,132
23,209,61,140,valletta,44,french,0,132
24,592,207,275,valletta,44,french,0,132
25,400,85,141,valletta,44,french,0,132
26,389,88,111,valletta,44,french,0,132
27,732,147,195,valletta,44,french,0,132
28,832,118,112,valletta,44,french,0,132
29,709,120,138,valletta,44,french,0,132
30,861,146,196,valletta,44,french,0,132
31,404,121,55,valletta,44,french,0,132
32,55,92,111,valletta,44,french,0,132
33,377,122,140,valletta,44,french,0,132
34,363,122,140,valletta,44,french,0,132
35,476,120,56,valletta,44,french,0,132
36,639,141,194,valletta,44,french,0,132
37,466,124,139,valletta,44,french,0,132
38,965,122,140,valletta,44,french,0,132
39,334,70,56,valletta,44,french,0,132
40,325,87,56,valletta,44,french,0,132
41,295,63,56,valletta,44,french,0,132
42,746,140,194,valletta,44,french,0,132
43,719,146,196,valletta,44,french,0,132
44,749,92,55,valletta,44,french,0,132
45,237,125,140,valletta,44,french,0,132
46,134,69,56,valletta,44,french,0,132
47,200,124,140,valletta,44,french,0,132
0,252,132,195,madrid,44,french,0,132
1,915,57,56,madrid,44,french,0,132
2,378,111,138,madrid,44,french,0,132
3,135,182,278,madrid,44,french,0,132
4,822,131,195,madrid,44,french,0,132
5,393,111,140,madrid,44,french,0,132
6,689,78,112,madrid,44,french,0,132
7,93,182,280,madrid,44,french,0,132
8,310,57,138,madrid,44,french,0,132
9,454,85,113,madrid,44,french,0,132
10,673,129,193,madrid,44,french,0,132
11,964,111,140,madrid,44,french,0,132
12,500,59,138,madrid,44,french,0,132
13,997,109,139,madrid,44,french,0,132
14,561,60,56,madrid,44,french,0,132
15,458,62,113,madrid,44,french,0,132
16,246,188,282,madrid,44,french,0,132
17,127,61,112,madrid,44,french,0,132
18,609,130,196,madrid,44,french,0,132
19,97,184,283,madrid,44,french,0,132
20,697,111,138,madrid,44,french,0,132
21,600,56,56,madrid,44,french,0,132
22,312,83,139,madrid,44,french,0,132
23,468,58,56,madrid,44,french,0,132
24,413,181,282,madrid,44,french,0,132
25,729,187,279,madrid,44,french,0,132
26,205,78,57,madrid,44,french,0,132
27,388,110,139,madrid,44,french,0,132
28,175,82,112,madrid,44,french,0,132
29,370,59,56,madrid,44,french,0,132
30,79,85,112,madrid,44,french,0,132
31,427,132,192,madrid,44,french,0,132
32,909,58,56,madrid,44,french,0,132
33,901,187,276,madrid,44,french,0,132
34,265,183,280,madrid,44,french,0,132
35,131,133,196,madrid,44,french,0,132
36,186,112,140,madrid,44,french,0,132
37,138,60,56,madrid,44,french,0,132
38,126,80,112,madrid,44,french,0,132
39,2,81,194,madrid,44,french,0,132
40,982,132,198,madrid,44,french,0,132
41,538,108,113,madrid,44,french,0,132
42,798,184,280,madrid,44,french,0,132
43,721,60,111,madrid,44,french,0,132
44,527,110,139,madrid,44,french,0,132
45,828,110,57,madrid,44,french,0,132
46,966,60,56,madrid,44,french,0,132
47,717,188,275,madrid,44,french,0,132
48,20,62,56,madrid,44,french,0,132
49,54,79,140,madrid,44,french,0,132
50,768,191,278,madrid,44,french,0,132
51,710,84,111,madrid,44,french,0,132
52,384,134,195,madrid,44,french,0,132
53,483,83,55,madrid,44,french,0,132
54,633,111,140,madrid,44,french,0,132
55,149,133,194,madrid,44,french,0,132
56,873,189,283,madrid,44,french,0,132
57,499,129,195,madrid,44,french,0,132
58,164,109,142,madrid,44,french,0,132
59,525,80,113,madrid,44,french,0,132
60,285,80,55,madrid,44,french,0,132
61,233,112,138,madrid,44,french,0,132
62,606,181,278,madrid,44,french,0,132
63,791,83,113,madrid,44,french,0,132
64,939,128,192,madrid,44,french,0,132
65,322,80,56,madrid,44,french,0,132
66,297,183,280,madrid,44,french,0,132
67,414,57,111,madrid,44,french,0,132
68,444,80,112,madrid,44,french,0,132
69,185,110,140,madrid,44,french,0,132
70,276,61,56,madrid,44,french,0,132
71,857,82,112,madrid,44,french,0,132
72,277,180,281,madrid,44,french,0,132
73,737,133,196,madrid,44,french,0,132
74,747,132,195,madrid,44,french,0,132
75,941,59,56,madrid,44,french,0,132
76,108,84,56,madrid,44,french,0,132
77,418,112,140,madrid,44,french,0,132
78,619,108,112,madrid,44,french,0,132
79,836,131,195,madrid,44,french,0,132
80,411,82,56,madrid,44,french,0,132
81,847,84,114,madrid,44,french,0,132
82,733,84,112,madrid,44,french,0,132
83,845,182,281,madrid,44,french,0,132
84,154,185,278,madrid,44,french,0,132
85,102,184,278,madrid,44,french,0,132
86,351,79,57,madrid,44,french,0,132
87,439,81,110,madrid,44,french,0,132
88,31,82,111,madrid,44,french,0,132
89,800,82,56,madrid,44,french,0,132
90,870,62,56,madrid,44,french,0,132
91,284,111,141,madrid,44,french,0,132
92,75,83,112,madrid,44,french,0,132
93,333,79,111,madrid,44,french,0,132
94,904,84,111,madrid,44,french,0,132
95,936,111,138,madrid,44,french,0,132
96,241,110,140,madrid,44,french,0,132
97,618,82,112,madrid,44,french,0,132
98,7,83,56,madrid,44,french,0,132
99,575,81,111,madrid,44,french,0,132
100,615,81,110,madrid,44,french,0,132
101,67,191,281,madrid,44,french,0,132
102,860,110,140,madrid,44,french,0,132
103,120,113,138,madrid,44,french,0,132
104,789,57,56,madrid,44,french,0,132
105,495,191,279,madrid,44,french,0,132
106,39,82,112,madrid,44,french,0,132
107,780,182,280,madrid,44,french,0,132
108,235,112,140,madrid,44,french,0,132
109,398,57,56,madrid,44,french,0,132
110,313,60,55,madrid,44,french,0,132
111,174,130,197,madrid,44,french,0,132
112,888,180,279,madrid,44,french,0,132
113,261,83,112,madrid,44,french,0,132
114,258,131,195,madrid,44,french,0,132
115,886,84,111,madrid,44,french,0,132
116,147,130,196,madrid,44,french,0,132
117,478,83,112,madrid,44,french,0,132
0,166,99,111,amsterdam,44,french,0,132
1,967,68,140,amsterdam,44,french,0,132
2,878,94,140,amsterdam,44,french,0,132
3,745,96,56,amsterdam,44,french,0,132
4,12,68,56,amsterdam,44,french,0,132
5,657,153,195,amsterdam,44,french,0,132
6,779,155,196,amsterdam,44,french,0,132
7,223,132,139,amsterdam,44,french,0,132
8,630,134,140,amsterdam,44,french,0,132
9,256,68,56,amsterdam,44,french,0,132
10,933,132,138,amsterdam,44,french,0,132
11,103,157,195,amsterdam,44,french,0,132
12,567,68,56,amsterdam,44,french,0,132
13,264,69,56,amsterdam,44,french,0,132
14,442,153,195,amsterdam,44,french,0,132
15,230,95,112,amsterdam,44,french,0,132
16,507,94,113,amsterdam,44,french,0,132
17,724,221,281,amsterdam,44,french,0,132
18,674,100,111,amsterdam,44,french,0,132
19,196,96,56,amsterdam,44,french,0,132
20,326,213,281,amsterdam,44,french,0,132
21,169,68,56,amsterdam,44,french,0,132
22,557,98,111,amsterdam,44,french,0,132
23,146,158,196,amsterdam,44,french,0,132
24,821,96,112,amsterdam,44,french,0,132
25,676,68,56,amsterdam,44,french,0,132
26,212,154,193,amsterdam,44,french,0,132
27,510,223,277,amsterdam,44,french,0,132
28,460,72,55,amsterdam,44,french,0,132
29,269,133,138,amsterdam,44,french,0,132
30,902,157,196,amsterdam,44,french,0,132
31,45,132,140,amsterdam,44,french,0,132
32,917,222,279,amsterdam,44,french,0,132
33,591,212,279,amsterdam,44,french,0,132
34,493,132,142,amsterdam,44,french,0,132
35,271,71,56,amsterdam,44,french,0,132
36,429,217,284,amsterdam,44,french,0,132
37,783,74,55,amsterdam,44,french,0,132
38,835,97,113,amsterdam,44,french,0,132
39,352,92,112,amsterdam,44,french,0,132
40,317,152,197,amsterdam,44,french,0,132
41,163,152,195,amsterdam,44,french,0,132
42,969,73,56,amsterdam,44,french,0,132
43,430,150,194,amsterdam,44,french,0,132
44,85,94,111,amsterdam,44,french,0,132
45,587,133,138,amsterdam,44,french,0,132
46,570,93,112,amsterdam,44,french,0,132
47,158,133,142,amsterdam,44,french,0,132
48,16,133,138,amsterdam,44,french,0,132
49,680,131,55,amsterdam,44,french,0,132
50,111,95,112,amsterdam,44,french,0,132
51,750,94,56,amsterdam,44,french,0,132
52,529,217,281,amsterdam,44,french,0,132
53,88,98,113,amsterdam,44,french,0,132
54,809,212,277,amsterdam,44,french,0,132
55,311,97,56,amsterdam,44,french,0,132
56,52,130,138,amsterdam,44,french,0,132
57,346,150,194,amsterdam,44,french,0,132
58,960,223,282,amsterdam,44,french,0,132
59,867,129,112,amsterdam,44,french,0,132
60,214,154,196,amsterdam,44,french,0,132
61,971,133,140,amsterdam,44,french,0,132
62,588,151,140,amsterdam,44,french,0,132
63,375,92,111,amsterdam,44,french,0,132
64,157,221,281,amsterdam,44,french,0,132
65,140,96,111,amsterdam,44,french,0,132
66,218,153,193,amsterdam,44,french,0,132
67,10,133,140,amsterdam,44,french,0,132
68,283,92,112,amsterdam,44,french,0,132
69,211,129,138,amsterdam,44,french,0,132
70,603,213,277,amsterdam,44,french,0,132
71,475,92,112,amsterdam,44,french,0,132
72,505,94,113,amsterdam,44,french,0,132
73,660,129,140,amsterdam,44,french,0,132
74,604,96,111,amsterdam,44,french,0,132
75,625,158,195,amsterdam,44,french,0,132
76,455,132,140,amsterdam,44,french,0,132
77,925,93,112,amsterdam,44,french,0,132
78,82,94,110,amsterdam,44,french,0,132
79,762,130,137,amsterdam,44,french,0,132
80,86,97,197,amsterdam,44,french,0,132
81,83,132,140,amsterdam,44,french,0,132
82,658,133,140,amsterdam,44,french,0,132
83,9,73,140,amsterdam,44,french,0,132
84,193,129,111,amsterdam,44,french,0,132
85,30,94,110,amsterdam,44,french,0,132
86,743,129,140,amsterdam,44,french,0,132
87,22,130,140,amsterdam,44,french,0,132
88,172,98,111,amsterdam,44,french,0,132
89,916,94,111,amsterdam,44,french,0,132
90,581,130,55,amsterdam,44,french,0,132
91,465,213,278,amsterdam,44,french,0,132
92,760,154,196,amsterdam,44,french,0,132
93,628,132,139,amsterdam,44,french,0,132
94,117,68,55,amsterdam,44,french,0,132
95,788,94,140,amsterdam,44,french,0,132
96,778,94,111,amsterdam,44,french,0,132
97,706,94,110,amsterdam,44,french,0,132
98,891,98,56,amsterdam,44,french,0,132
99,685,213,278,amsterdam,44,french,0,132
100,548,217,278,amsterdam,44,french,0,132
101,101,218,278,amsterdam,44,french,0,132
102,307,94,112,amsterdam,44,french,0,132
103,892,157,195,amsterdam,44,french,0,132
104,441,158,191,amsterdam,44,french,0,132
105,417,133,140,amsterdam,44,french,0,132
106,105,130,140,amsterdam,44,french,0,132
107,945,134,138,amsterdam,44,french,0,132
108,921,68,140,amsterdam,44,french,0,132
109,777,134,140,amsterdam,44,french,0,132
110,880,96,113,amsterdam,44,french,0,132
111,450,155,193,amsterdam,44,french,0,132
112,234,130,140,amsterdam,44,french,0,132
113,517,100,112,amsterdam,44,french,0,132
114,77,212,278,amsterdam,44,french,0,132
115,253,213,275,amsterdam,44,french,0,132
116,715,130,141,amsterdam,44,french,0,132
117,387,217,279,amsterdam,44,french,0,132
118,585,68,57,amsterdam,44,french,0,132
119,918,213,278,amsterdam,44,french,0,132
120,303,158,197,amsterdam,44,french,0,132
121,366,68,111,amsterdam,44,french,0,132
122,482,69,56,amsterdam,44,french,0,132
123,806,223,281,amsterdam,44,french,0,132
124,594,219,278,amsterdam,44,french,0,132
125,369,66,56,amsterdam,44,french,0,132
126,224,130,140,amsterdam,44,french,0,132
127,34,68,57,amsterdam,44,french,0,132
128,679,132,138,amsterdam,44,french,0,132
129,410,95,111,amsterdam,44,french,0,132
130,373,94,112,amsterdam,44,french,0,132
131,752,221,280,amsterdam,44,french,0,132
132,515,223,282,amsterdam,44,french,0,132
133,627,92,113,amsterdam,44,french,0,132
134,807,212,278,amsterdam,44,french,0,132
0,958,186,193,copenhagen,44,french,0,132
1,690,188,196,copenhagen,44,french,0,132
2,319,260,279,copenhagen,44,french,0,132
3,367,87,56,copenhagen,44,french,0,132
4,622,117,112,copenhagen,44,french,0,132
5,78,253,276,copenhagen,44,french,0,132
6,289,109,111,copenhagen,44,french,0,132
7,99,157,140,copenhagen,44,french,0,132
8,541,113,111,copenhagen,44,french,0,132
9,572,180,197,copenhagen,44,french,0,132
10,562,188,195,copenhagen,44,french,0,132
11,707,261,279,copenhagen,44,french,0,132
12,983,82,56,copenhagen,44,french,0,132
13,664,258,281,copenhagen,44,french,0,132
14,990,153,138,copenhagen,44,french,0,132
15,893,179,195,copenhagen,44,french,0,132
16,514,254,279,copenhagen,44,french,0,132
17,726,254,283,copenhagen,44,french,0,132
18,291,186,197,copenhagen,44,french,0,132
19,720,255,279,copenhagen,44,french,0,132
20,335,83,113,copenhagen,44,french,0,132
21,348,154,140,copenhagen,44,french,0,132
22,332,182,196,copenhagen,44,french,0,132
23,830,81,112,copenhagen,44,french,0,132
24,153,182,194,copenhagen,44,french,0,132
25,385,258,282,copenhagen,44,french,0,132
26,36,175,112,copenhagen,44,french,0,132
27,532,186,195,copenhagen,44,french,0,132
28,243,88,57,copenhagen,44,french,0,132
29,202,154,141,copenhagen,44,french,0,132
30,989,84,56,copenhagen,44,french,0,132
31,531,159,139,copenhagen,44,french,0,132
32,894,263,281,copenhagen,44,french,0,132
33,655,255,278,copenhagen,44,french,0,132
34,624,182,195,copenhagen,44,french,0,132
35,350,258,275,copenhagen,44,french,0,132
36,908,263,275,copenhagen,44,french,0,132
37,318,110,110,copenhagen,44,french,0,132
38,1,87,112,copenhagen,44,french,0,132
39,349,182,195,copenhagen,44,french,0,132
40,757,118,114,copenhagen,44,french,0,132
41,300,113,112,copenhagen,44,french,0,132
42,812,156,141,copenhagen,44,french,0,132
43,973,156,140,copenhagen,44,french,0,132
44,761,113,112,copenhagen,44,french,0,132
45,829,157,139,copenhagen,44,french,0,132
46,669,185,195,copenhagen,44,french,0,132
47,122,264,280,copenhagen,44,french,0,132
48,688,80,114,copenhagen,44,french,0,132
49,523,81,112,copenhagen,44,french,0,132
50,952,86,56,copenhagen,44,french,0,132
51,994,156,138,copenhagen,44,french,0,132
52,744,154,140,copenhagen,44,french,0,132
53,865,263,278,copenhagen,44,french,0,132
54,100,79,55,copenhagen,44,french,0,132
55,309,86,111,copenhagen,44,french,0,132
56,142,266,277,copenhagen,44,french,0,132
57,433,111,112,copenhagen,44,french,0,132
58,6,109,112,copenhagen,44,french,0,132
59,110,157,140,copenhagen,44,french,0,132
60,431,111,111,copenhagen,44,french,0,132
61,855,183,196,copenhagen,44,french,0,132
62,872,88,56,copenhagen,44,french,0,132
63,434,88,56,copenhagen,44,french,0,132
64,900,183,197,copenhagen,44,french,0,132
65,280,117,111,copenhagen,44,french,0,132
66,961,179,195,copenhagen,44,french,0,132
67,443,113,113,copenhagen,44,french,0,132
68,50,117,111,copenhagen,44,french,0,132
69,981,85,56,copenhagen,44,french,0,132
70,805,157,139,copenhagen,44,french,0,132
71,508,185,197,copenhagen,44,french,0,132
72,506,115,56,copenhagen,44,french,0,132
73,518,111,111,copenhagen,44,french,0,132
74,711,113,112,copenhagen,44,french,0,132
75,831,84,56,copenhagen,44,french,0,132
76,938,111,56,copenhagen,44,french,0,132
77,43,81,142,copenhagen,44,french,0,132
78,716,111,110,copenhagen,44,french,0,132
79,826,186,195,copenhagen,44,french,0,132
80,92,84,56,copenhagen,44,french,0,132
81,425,182,196,copenhagen,44,french,0,132
82,58,185,194,copenhagen,44,french,0,132
83,876,110,111,copenhagen,44,french,0,132
84,251,150,55,copenhagen,44,french,0,132
85,53,86,56,copenhagen,44,french,0,132
86,405,88,55,copenhagen,44,french,0,132
87,401,153,142,copenhagen,44,french,0,132
88,844,257,281,copenhagen,44,french,0,132
89,445,81,56,copenhagen,44,french,0,132
90,922,186,193,copenhagen,44,french,0,132
91,898,84,56,copenhagen,44,french,0,132
92,435,254,279,copenhagen,44,french,0,132
93,267,157,139,copenhagen,44,french,0,132
94,959,179,197,copenhagen,44,french,0,132
95,528,255,278,copenhagen,44,french,0,132
96,793,153,56,copenhagen,44,french,0,132
97,91,117,56,copenhagen,44,french,0,132
98,124,253,280,copenhagen,44,french,0,132
99,611,159,139,copenhagen,44,french,0,132
100,834,82,55,copenhagen,44,french,0,132
101,869,257,278,copenhagen,44,french,0,132
102,547,157,139,copenhagen,44,french,0,132
103,422,263,276,copenhagen,44,french,0,132
104,497,183,195,copenhagen,44,french,0,132
105,771,261,280,copenhagen,44,french,0,132
106,391,154,140,copenhagen,44,french,0,132
107,546,84,112,copenhagen,44,french,0,132
108,487,157,140,copenhagen,44,french,0,132
109,772,255,280,copenhagen,44,french,0,132
110,481,87,56,copenhagen,44,french,0,132
111,60,86,56,copenhagen,44,french,0,132
112,32,159,139,copenhagen,44,french,0,132
113,556,159,138,copenhagen,44,french,0,132
114,539,264,284,copenhagen,44,french,0,132
115,194,108,56,copenhagen,44,french,0,132
116,407,182,192,copenhagen,44,french,0,132
117,698,180,195,copenhagen,44,french,0,132
118,951,80,111,copenhagen,44,french,0,132
119,365,86,55,copenhagen,44,french,0,132
120,358,180,193,copenhagen,44,french,0,132
121,113,81,56,copenhagen,44,french,0,132
122,849,154,138,copenhagen,44,french,0,132
123,818,157,140,copenhagen,44,french,0,132
124,930,109,140,copenhagen,44,french,0,132
125,770,183,200,copenhagen,44,french,0,132
126,695,157,139,copenhagen,44,french,0,132
127,96,118,111,copenhagen,44,french,0,132
128,616,154,139,copenhagen,44,french,0,132
129,519,182,197,copenhagen,44,french,0,132
130,559,186,194,copenhagen,44,french,0,132
131,978,261,279,copenhagen,44,french,0,132
132,596,154,138,copenhagen,44,french,0,132
133,90,156,140,copenhagen,44,french,0,132
134,249,80,140,copenhagen,44,french,0,132
135,691,81,113,copenhagen,44,french,0,132
136,23,154,140,copenhagen,44,french,0,132
137,463,88,56,copenhagen,44,french,0,132
138,402,117,110,copenhagen,44,french,0,132
139,329,186,196,copenhagen,44,french,0,132
140,995,186,197,copenhagen,44,french,0,132
141,766,255,279,copenhagen,44,french,0,132
142,727,111,56,copenhagen,44,french,0,132
143,638,151,112,copenhagen,44,french,0,132
0,840,94,112,rome,44,french,0,132
1,328,62,56,rome,44,french,0,132
2,228,119,112,rome,44,french,0,132
3,781,62,55,rome,44,french,0,132
4,763,91,112,rome,44,french,0,132
5,843,202,281,rome,44,french,0,132
6,947,124,140,rome,44,french,0,132
7,668,87,112,rome,44,french,0,132
8,641,88,111,rome,44,french,0,132
9,864,123,140,rome,44,french,0,132
10,555,123,138,rome,44,french,0,132
11,51,122,140,rome,44,french,0,132
12,934,68,56,rome,44,french,0,132
13,242,147,196,rome,44,french,0,132
14,381,118,112,rome,44,french,0,132
15,987,69,56,rome,44,french,0,132
16,3,62,56,rome,44,french,0,132
17,642,69,57,rome,44,french,0,132
18,437,87,56,rome,44,french,0,132
19,151,207,278,rome,44,french,0,132
20,330,199,281,rome,44,french,0,132
21,816,62,56,rome,44,french,0,132
22,513,69,56,rome,44,french,0,132
23,651,86,112,rome,44,french,0,132
24,42,145,195,rome,44,french,0,132
25,396,91,111,rome,44,french,0,132
26,569,88,112,rome,44,french,0,132
27,324,124,139,rome,44,french,0,132
28,677,147,197,rome,44,french,0,132
29,944,206,276,rome,44,french,0,132
30,286,94,112,rome,44,french,0,132
31,453,202,279,rome,44,french,0,132
32,281,88,112,rome,44,french,0,132
33,473,209,277,rome,44,french,0,132
34,804,121,140,rome,44,french,0,132
35,586,146,198,rome,44,french,0,132
36,659,147,193,rome,44,french,0,132
37,423,203,280,rome,44,french,0,132
38,46,200,277,rome,44,french,0,132
39,681,125,140,rome,44,french,0,132
40,583,63,56,rome,44,french,0,132
41,550,68,113,rome,44,french,0,132
42,156,63,56,rome,44,french,0,132
43,696,86,112,rome,44,french,0,132
44,112,68,55,rome,44,french,0,132
45,854,200,277,rome,44,french,0,132
46,769,70,55,rome,44,french,0,132
47,694,120,55,rome,44,french,0,132
48,361,122,138,rome,44,french,0,132
49,929,202,280,rome,44,french,0,132
50,953,86,112,rome,44,french,0,132
51,293,62,113,rome,44,french,0,132
52,471,145,194,rome,44,french,0,132
53,191,122,140,rome,44,french,0,132
54,563,145,194,rome,44,french,0,132
55,48,62,112,rome,44,french,0,132
56,485,63,55,rome,44,french,0,132
57,636,86,138,rome,44,french,0,132
58,399,143,193,rome,44,french,0,132
59,895,203,277,rome,44,french,0,132
60,621,67,56,rome,44,french,0,132
61,536,93,110,rome,44,french,0,132
62,298,123,140,rome,44,french,0,132
63,469,63,113,rome,44,french,0,132
64,774,141,194,rome,44,french,0,132
65,671,123,138,rome,44,french,0,132
66,73,148,195,rome,44,french,0,132
67,486,146,195,rome,44,french,0,132
68,751,203,280,rome,44,french,0,132
69,345,119,111,rome,44,french,0,132
70,850,146,194,rome,44,french,0,132
71,786,200,281,rome,44,french,0,132
72,566,148,197,rome,44,french,0,132
73,714,65,56,rome,44,french,0,132
74,386,91,55,rome,44,french,0,132
75,913,125,137,rome,44,french,0,132
76,759,143,195,rome,44,french,0,132
77,321,204,277,rome,44,french,0,132
78,38,86,56,rome,44,french,0,132
79,206,147,196,rome,44,french,0,132
80,993,145,196,rome,44,french,0,132
81,838,123,140,rome,44,french,0,132
82,344,65,56,rome,44,french,0,132
83,537,145,196,rome,44,french,0,132
84,316,143,196,rome,44,french,0,132
85,897,203,276,rome,44,french,0,132
86,644,61,140,rome,44,french,0,132
87,452,141,195,rome,44,french,0,132
88,787,88,111,rome,44,french,0,132
89,440,94,111,rome,44,french,0,132
90,773,63,56,rome,44,french,0,132
91,364,125,140,rome,44,french,0,132
92,273,124,138,rome,44,french,0,132
93,906,124,140,rome,44,french,0,132
94,856,65,55,rome,44,french,0,132
95,907,124,138,rome,44,french,0,132
96,213,86,112,rome,44,french,0,132
97,496,63,196,rome,44,french,0,132
98,260,92,139,rome,44,french,0,132
99,489,209,277,rome,44,french,0,132
100,701,69,56,rome,44,french,0,132
101,296,61,56,rome,44,french,0,132
102,712,147,194,rome,44,french,0,132
103,170,122,138,rome,44,french,0,132
104,543,146,197,rome,44,french,0,132
105,796,124,141,rome,44,french,0,132
106,178,207,274,rome,44,french,0,132
107,180,65,56,rome,44,french,0,132
108,728,203,281,rome,44,french,0,132
109,347,70,56,rome,44,french,0,132
110,739,147,196,rome,44,french,0,132
111,390,147,196,rome,44,french,0,132
112,650,67,56,rome,44,french,0,132
113,232,67,56,rome,44,french,0,132
114,702,146,193,rome,44,french,0,132
115,552,85,111,rome,44,french,0,132
116,874,145,195,rome,44,french,0,132
117,380,68,56,rome,44,french,0,132
118,725,141,197,rome,44,french,0,132
119,686,86,57,rome,44,french,0,132
120,144,70,56,rome,44,french,0,132
121,991,141,196,rome,44,french,0,132
122,114,121,142,rome,44,french,0,132
123,374,90,111,rome,44,french,0,132
124,139,68,56,rome,44,french,0,132
125,932,119,112,rome,44,french,0,132
126,129,87,112,rome,44,french,0,132
127,341,92,113,rome,44,french,0,132
128,824,207,278,rome,44,french,0,132
0,141,81,139,sofia,44,french,0,132
1,649,134,284,sofia,44,french,0,132
2,470,59,112,sofia,44,french,0,132
3,553,90,56,sofia,44,french,0,132
4,272,45,56,sofia,44,french,0,132
5,4,40,56,sofia,44,french,0,132
6,208,59,56,sofia,44,french,0,132
7,459,78,138,sofia,44,french,0,132
8,764,59,55,sofia,44,french,0,132
9,137,41,56,sofia,44,french,0,132
10,802,77,112,sofia,44,french,0,132
11,665,56,112,sofia,44,french,0,132
12,683,81,140,sofia,44,french,0,132
13,13,56,56,sofia,44,french,0,132
14,554,42,140,sofia,44,french,0,132
15,984,56,55,sofia,44,french,0,132
16,597,136,283,sofia,44,french,0,132
17,968,95,192,sofia,44,french,0,132
18,862,60,111,sofia,44,french,0,132
19,871,80,140,sofia,44,french,0,132
20,383,41,140,sofia,44,french,0,132
21,852,43,55,sofia,44,french,0,132
22,601,57,112,sofia,44,french,0,132
23,181,81,138,sofia,44,french,0,132
24,190,43,55,sofia,44,french,0,132
25,814,129,277,sofia,44,french,0,132
26,304,93,197,sofia,44,french,0,132
27,262,78,140,sofia,44,french,0,132
28,302,56,137,sofia,44,french,0,132
29,145,80,139,sofia,44,french,0,132
30,578,92,196,sofia,44,french,0,132
31,544,59,56,sofia,44,french,0,132
32,203,93,197,sofia,44,french,0,132
33,799,41,57,sofia,44,french,0,132
34,472,42,193,sofia,44,french,0,132
35,107,43,55,sofia,44,french,0,132
36,653,92,197,sofia,44,french,0,132
37,287,135,279,sofia,44,french,0,132
38,590,78,142,sofia,44,french,0,132
39,815,134,279,sofia,44,french,0,132
40,270,93,196,sofia,44,french,0,132
41,899,78,138,sofia,44,french,0,132
42,608,81,138,sofia,44,french,0,132
43,25,130,281,sofia,44,french,0,132
44,637,58,56,sofia,44,french,0,132
45,574,58,56,sofia,44,french,0,132
46,542,59,113,sofia,44,french,0,132
47,44,43,56,sofia,44,french,0,132
48,353,45,56,sofia,44,french,0,132
49,337,78,138,sofia,44,french,0,132
50,143,58,112,sofia,44,french,0,132
51,109,80,140,sofia,44,french,0,132
52,201,81,140,sofia,44,french,0,132
53,923,43,111,sofia,44,french,0,132
54,883,94,192,sofia,44,french,0,132
55,416,81,140,sofia,44,french,0,132
0,699,98,112,vienna,44,french,0,132
1,753,136,139,vienna,44,french,0,132
2,26,155,195,vienna,44,french,0,132
3,87,156,195,vienna,44,french,0,132
4,924,132,142,vienna,44,french,0,132
5,68,132,138,vienna,44,french,0,132
6,35,75,56,vienna,44,french,0,132
7,962,129,112,vienna,44,french,0,132
8,11,157,195,vienna,44,french,0,132
9,292,161,196,vienna,44,french,0,132
10,167,72,56,vienna,44,french,0,132
11,810,97,112,vienna,44,french,0,132
12,37,160,193,vienna,44,french,0,132
13,343,72,55,vienna,44,french,0,132
14,152,155,195,vienna,44,french,0,132
15,8,98,112,vienna,44,french,0,132
16,652,95,112,vienna,44,french,0,132
17,250,226,282,vienna,44,french,0,132
18,98,135,137,vienna,44,french,0,132
19,931,157,196,vienna,44,french,0,132
20,775,71,55,vienna,44,french,0,132
21,426,96,113,vienna,44,french,0,132
22,231,134,57,vienna,44,french,0,132
23,755,72,56,vienna,44,french,0,132
24,382,136,138,vienna,44,french,0,132
25,63,132,139,vienna,44,french,0,132
26,927,155,197,vienna,44,french,0,132
27,730,161,194,vienna,44,french,0,132
28,940,134,140,vienna,44,french,0,132
29,438,98,56,vienna,44,french,0,132
30,428,98,111,vienna,44,french,0,132
31,565,229,277,vienna,44,french,0,132
32,372,95,112,vienna,44,french,0,132
33,977,102,111,vienna,44,french,0,132
34,245,132,56,vienna,44,french,0,132
35,890,71,56,vienna,44,french,0,132
36,846,157,193,vienna,44,french,0,132
37,549,95,55,vienna,44,french,0,132
38,675,95,56,vienna,44,french,0,132
39,494,160,194,vienna,44,french,0,132
40,255,160,197,vienna,44,french,0,132
41,278,100,56,vienna,44,french,0,132
42,610,72,56,vienna,44,french,0,132
43,368,68,56,vienna,44,french,0,132
44,226,96,112,vienna,44,french,0,132
45,877,73,56,vienna,44,french,0,132
46,236,75,56,vienna,44,french,0,132
47,57,135,140,vienna,44,french,0,132
48,833,131,139,vienna,44,french,0,132
49,33,131,142,vienna,44,french,0,132
50,784,98,112,vienna,44,french,0,132
51,275,97,111,vienna,44,french,0,132
52,928,75,56,vienna,44,french,0,132
53,535,131,140,vienna,44,french,0,132
54,530,96,56,vienna,44,french,0,132
55,266,71,55,vienna,44,french,0,132
56,979,135,140,vienna,44,french,0,132
57,713,153,195,vienna,44,french,0,132
58,462,72,56,vienna,44,french,0,132
59,168,224,280,vienna,44,french,0,132
60,919,69,56,vienna,44,french,0,132
61,336,98,111,vienna,44,french,0,132
62,64,73,111,vienna,44,french,0,132
63,315,228,278,vienna,44,french,0,132
64,666,73,112,vienna,44,french,0,132
65,996,96,112,vienna,44,french,0,132
66,646,95,110,vienna,44,french,0,132
67,692,228,277,vienna,44,french,0,132
68,875,95,55,vienna,44,french,0,132
69,220,68,111,vienna,44,french,0,132
70,263,101,112,vienna,44,french,0,132
71,848,160,196,vienna,44,french,0,132
72,511,156,197,vienna,44,french,0,132
73,626,96,112,vienna,44,french,0,132
74,116,96,56,vienna,44,french,0,132
75,920,94,112,vienna,44,french,0,132
76,173,99,111,vienna,44,french,0,132
77,446,96,56,vienna,44,french,0,132
78,613,153,195,vienna,44,french,0,132
79,457,133,55,vienna,44,french,0,132
80,456,136,142,vienna,44,french,0,132
81,703,136,140,vienna,44,french,0,132
82,801,160,195,vienna,44,french,0,132
83,635,95,112,vienna,44,french,0,132
84,15,228,276,vienna,44,french,0,132
85,403,227,280,vienna,44,french,0,132
86,70,160,195,vienna,44,french,0,132
87,195,130,56,vienna,44,french,0,132
88,693,218,274,vienna,44,french,0,132
89,354,94,56,vienna,44,french,0,132
90,171,67,114,vienna,44,french,0,132
91,704,98,56,vienna,44,french,0,132
92,661,96,112,vienna,44,french,0,132
93,239,226,280,vienna,44,french,0,132
94,662,153,195,vienna,44,french,0,132
95,672,155,196,vienna,44,french,0,132
96,179,100,110,vienna,44,french,0,132
97,184,226,281,vienna,44,french,0,132
98,210,97,113,vienna,44,french,0,132
99,524,161,196,vienna,44,french,0,132
100,268,97,113,vienna,44,french,0,132
101,839,161,195,vienna,44,french,0,132
102,682,129,56,vienna,44,french,0,132
103,219,153,197,vienna,44,french,0,132
104,128,153,195,vienna,44,french,0,132
105,943,155,196,vienna,44,french,0,132
0,672,155,196,vienna,44,french,1,132
1,35,75,56,vienna,44,french,1,132
2,368,68,56,vienna,44,french,1,132
3,63,132,139,vienna,44,french,1,132
4,920,94,112,vienna,44,french,1,132
5,33,131,142,vienna,44,french,1,132
6,943,155,196,vienna,44,french,1,132
7,268,97,113,vienna,44,french,1,132
8,292,162,196,vienna,44,french,1,132
9,428,98,111,vienna,44,french,1,132
10,219,153,197,vienna,44,french,1,132
11,354,94,56,vienna,44,french,1,132
12,179,100,110,vienna,44,french,1,132
13,919,69,56,vienna,44,french,1,132
14,336,98,111,vienna,44,french,1,132
15,549,95,55,vienna,44,french,1,132
16,87,156,195,vienna,44,french,1,132
17,979,135,140,vienna,44,french,1,132
18,996,96,112,vienna,44,french,1,132
19,652,95,112,vienna,44,french,1,132
20,37,161,193,vienna,44,french,1,132
21,692,228,277,vienna,44,french,1,132
22,494,161,194,vienna,44,french,1,132
23,195,130,56,vienna,44,french,1,132
24,730,162,194,vienna,44,french,1,132
25,372,95,112,vienna,44,french,1,132
26,626,96,112,vienna,44,french,1,132
27,704,98,56,vienna,44,french,1,132
28,426,96,113,vienna,44,french,1,132
29,833,131,139,vienna,44,french,1,132
30,220,68,111,vienna,44,french,1,132
31,231,134,57,vienna,44,french,1,132
32,924,132,142,vienna,44,french,1,132
33,263,101,112,vienna,44,french,1,132
34,70,161,195,vienna,44,french,1,132
35,315,228,278,vienna,44,french,1,132
36,890,71,56,vienna,44,french,1,132
37,456,137,142,vienna,44,french,1,132
38,801,161,195,vienna,44,french,1,132
39,343,73,55,vienna,44,french,1,132
40,524,162,196,vienna,44,french,1,132
41,98,135,137,vienna,44,french,1,132
42,675,95,56,vienna,44,french,1,132
43,210,97,113,vienna,44,french,1,132
44,11,157,195,vienna,44,french,1,132
45,245,132,56,vienna,44,french,1,132
46,940,134,140,vienna,44,french,1,132
47,64,74,111,vienna,44,french,1,132
48,26,155,195,vienna,44,french,1,132
49,535,131,140,vienna,44,french,1,132
50,810,97,112,vienna,44,french,1,132
51,775,71,55,vienna,44,french,1,132
52,848,161,196,vienna,44,french,1,132
53,928,75,56,vienna,44,french,1,132
54,666,74,112,vienna,44,french,1,132
55,168,224,280,vienna,44,french,1,132
56,278,100,56,vienna,44,french,1,132
57,755,72,56,vienna,44,french,1,132
58,173,99,111,vienna,44,french,1,132
59,962,129,112,vienna,44,french,1,132
60,646,95,110,vienna,44,french,1,132
61,462,73,56,vienna,44,french,1,132
62,438,98,56,vienna,44,french,1,132
63,167,72,56,vienna,44,french,1,132
64,846,157,193,vienna,44,french,1,132
65,236,75,56,vienna,44,french,1,132
66,703,137,140,vienna,44,french,1,132
67,250,226,282,vienna,44,french,1,132
68,184,226,281,vienna,44,french,1,132
69,171,67,114,vienna,44,french,1,132
70,927,155,197,vienna,44,french,1,132
71,530,96,56,vienna,44,french,1,132
72,565,229,277,vienna,44,french,1,132
73,839,162,195,vienna,44,french,1,132
74,382,137,138,vienna,44,french,1,132
75,661,96,112,vienna,44,french,1,132
76,68,132,138,vienna,44,french,1,132
77,931,157,196,vienna,44,french,1,132
78,266,71,55,vienna,44,french,1,132
79,693,219,274,vienna,44,french,1,132
80,662,153,195,vienna,44,french,1,132
81,403,227,280,vienna,44,french,1,132
82,128,153,195,vienna,44,french,1,132
83,875,95,55,vienna,44,french,1,132
84,15,228,276,vienna,44,french,1,132
85,682,129,56,vienna,44,french,1,132
86,613,153,195,vienna,44,french,1,132
87,226,96,112,vienna,44,french,1,132
88,511,156,197,vienna,44,french,1,132
89,713,153,195,vienna,44,french,1,132
90,635,95,112,vienna,44,french,1,132
91,784,98,112,vienna,44,french,1,132
92,753,137,139,vienna,44,french,1,132
93,152,155,195,vienna,44,french,1,132
94,57,135,140,vienna,44,french,1,132
95,255,161,197,vienna,44,french,1,132
96,116,96,56,vienna,44,french,1,132
97,699,98,112,vienna,44,french,1,132
98,457,133,55,vienna,44,french,1,132
99,446,96,56,vienna,44,french,1,132
100,877,74,56,vienna,44,french,1,132
101,610,72,56,vienna,44,french,1,132
102,275,97,111,vienna,44,french,1,132
103,977,102,111,vienna,44,french,1,132
104,8,98,112,vienna,44,french,1,132
105,239,226,280,vienna,44,french,1,132
0,590,79,142,sofia,44,french,1,132
1,44,44,56,sofia,44,french,1,132
2,649,134,284,sofia,44,french,1,132
3,107,44,55,sofia,44,french,1,132
4,683,81,140,sofia,44,french,1,132
5,262,79,140,sofia,44,french,1,132
6,665,56,112,sofia,44,french,1,132
7,4,40,56,sofia,44,french,1,132
8,984,56,55,sofia,44,french,1,132
9,13,56,56,sofia,44,french,1,132
10,337,79,138,sofia,44,french,1,132
11,899,79,138,sofia,44,french,1,132
12,459,79,138,sofia,44,french,1,132
13,145,80,139,sofia,44,french,1,132
14,871,80,140,sofia,44,french,1,132
15,553,91,56,sofia,44,french,1,132
16,304,94,197,sofia,44,french,1,132
17,203,94,197,sofia,44,french,1,132
18,814,130,277,sofia,44,french,1,132
19,542,59,113,sofia,44,french,1,132
20,143,58,112,sofia,44,french,1,132
21,353,45,56,sofia,44,french,1,132
22,302,56,137,sofia,44,french,1,132
23,637,58,56,sofia,44,french,1,132
24,383,41,140,sofia,44,french,1,132
25,802,77,112,sofia,44,french,1,132
26,597,136,283,sofia,44,french,1,132
27,578,92,196,sofia,44,french,1,132
28,470,59,112,sofia,44,french,1,132
29,883,95,192,sofia,44,french,1,132
30,554,42,140,sofia,44,french,1,132
31,201,81,140,sofia,44,french,1,132
32,653,92,197,sofia,44,french,1,132
33,764,59,55,sofia,44,french,1,132
34,815,134,279,sofia,44,french,1,132
35,109,80,140,sofia,44,french,1,132
36,272,45,56,sofia,44,french,1,132
37,799,41,57,sofia,44,french,1,132
38,574,58,56,sofia,44,french,1,132
39,608,81,138,sofia,44,french,1,132
40,190,44,55,sofia,44,french,1,132
41,137,41,56,sofia,44,french,1,132
42,472,42,193,sofia,44,french,1,132
43,544,59,56,sofia,44,french,1,132
44,287,135,279,sofia,44,french,1,132
45,968,96,192,sofia,44,french,1,132
46,25,131,281,sofia,44,french,1,132
47,923,43,111,sofia,44,french,1,132
48,181,81,138,sofia,44,french,1,132
49,141,81,139,sofia,44,french,1,132
50,208,59,56,sofia,44,french,1,132
51,416,81,140,sofia,44,french,1,132
52,862,61,111,sofia,44,french,1,132
53,852,44,55,sofia,44,french,1,132
54,601,57,112,sofia,44,french,1,132
55,270,94,196,sofia,44,french,1,132
0,399,143,193,rome,44,french,1,132
1,739,147,196,rome,44,french,1,132
2,804,121,140,rome,44,french,1,132
3,73,148,195,rome,44,french,1,132
4,897,203,276,rome,44,french,1,132
5,381,119,112,rome,44,french,1,132
6,386,91,55,rome,44,french,1,132
7,324,124,139,rome,44,french,1,132
8,929,202,280,rome,44,french,1,132
9,298,123,140,rome,44,french,1,132
10,621,67,56,rome,44,french,1,132
11,895,203,277,rome,44,french,1,132
12,496,63,196,rome,44,french,1,132
13,380,68,56,rome,44,french,1,132
14,328,63,56,rome,44,french,1,132
15,642,69,57,rome,44,french,1,132
16,569,89,112,rome,44,french,1,132
17,702,146,193,rome,44,french,1,132
18,112,68,55,rome,44,french,1,132
19,296,61,56,rome,44,french,1,132
20,566,148,197,rome,44,french,1,132
21,42,145,195,rome,44,french,1,132
22,932,120,112,rome,44,french,1,132
23,374,90,111,rome,44,french,1,132
24,38,86,56,rome,44,french,1,132
25,993,145,196,rome,44,french,1,132
26,701,69,56,rome,44,french,1,132
27,156,63,56,rome,44,french,1,132
28,129,88,112,rome,44,french,1,132
29,178,207,274,rome,44,french,1,132
30,751,203,280,rome,44,french,1,132
31,293,62,113,rome,44,french,1,132
32,586,146,198,rome,44,french,1,132
33,390,147,196,rome,44,french,1,132
34,48,62,112,rome,44,french,1,132
35,180,65,56,rome,44,french,1,132
36,344,65,56,rome,44,french,1,132
37,228,120,112,rome,44,french,1,132
38,537,145,196,rome,44,french,1,132
39,552,85,111,rome,44,french,1,132
40,651,86,112,rome,44,french,1,132
41,840,94,112,rome,44,french,1,132
42,361,122,138,rome,44,french,1,132
43,725,142,197,rome,44,french,1,132
44,787,89,111,rome,44,french,1,132
45,944,206,276,rome,44,french,1,132
46,636,86,138,rome,44,french,1,132
47,824,207,278,rome,44,french,1,132
48,987,69,56,rome,44,french,1,132
49,906,124,140,rome,44,french,1,132
50,583,64,56,rome,44,french,1,132
51,681,125,140,rome,44,french,1,132
52,341,92,113,rome,44,french,1,132
53,440,94,111,rome,44,french,1,132
54,51,122,140,rome,44,french,1,132
55,856,65,55,rome,44,french,1,132
56,206,147,196,rome,44,french,1,132
57,286,94,112,rome,44,french,1,132
58,471,145,194,rome,44,french,1,132
59,273,124,138,rome,44,french,1,132
60,774,142,194,rome,44,french,1,132
61,151,207,278,rome,44,french,1,132
62,696,86,112,rome,44,french,1,132
63,644,61,140,rome,44,french,1,132
64,650,67,56,rome,44,french,1,132
65,991,142,196,rome,44,french,1,132
66,773,63,56,rome,44,french,1,132
67,786,200,281,rome,44,french,1,132
68,242,147,196,rome,44,french,1,132
69,668,88,112,rome,44,french,1,132
70,281,89,112,rome,44,french,1,132
71,677,147,197,rome,44,french,1,132
72,543,146,197,rome,44,french,1,132
73,364,125,140,rome,44,french,1,132
74,874,145,195,rome,44,french,1,132
75,659,147,193,rome,44,french,1,132
76,781,63,55,rome,44,french,1,132
77,423,203,280,rome,44,french,1,132
78,473,210,277,rome,44,french,1,132
79,139,68,56,rome,44,french,1,132
80,536,93,110,rome,44,french,1,132
81,850,146,194,rome,44,french,1,132
82,864,123,140,rome,44,french,1,132
83,453,202,279,rome,44,french,1,132
84,347,70,56,rome,44,french,1,132
85,838,123,140,rome,44,french,1,132
86,345,120,111,rome,44,french,1,132
87,485,63,55,rome,44,french,1,132
88,550,68,113,rome,44,french,1,132
89,913,125,137,rome,44,french,1,132
90,486,146,195,rome,44,french,1,132
91,489,210,277,rome,44,french,1,132
92,934,68,56,rome,44,french,1,132
93,469,63,113,rome,44,french,1,132
94,555,123,138,rome,44,french,1,132
95,513,69,56,rome,44,french,1,132
96,191,122,140,rome,44,french,1,132
97,144,70,56,rome,44,french,1,132
98,796,124,141,rome,44,french,1,132
99,396,91,111,rome,44,french,1,132
100,114,121,142,rome,44,french,1,132
101,854,200,277,rome,44,french,1,132
102,759,143,195,rome,44,french,1,132
103,769,70,55,rome,44,french,1,132
104,316,143,196,rome,44,french,1,132
105,816,62,56,rome,44,french,1,132
106,321,204,277,rome,44,french,1,132
107,330,199,281,rome,44,french,1,132
108,46,200,277,rome,44,french,1,132
109,763,91,112,rome,44,french,1,132
110,907,124,138,rome,44,french,1,132
111,437,87,56,rome,44,french,1,132
112,947,124,140,rome,44,french,1,132
113,213,86,112,rome,44,french,1,132
114,232,67,56,rome,44,french,1,132
115,563,145,194,rome,44,french,1,132
116,712,147,194,rome,44,french,1,132
117,953,87,112,rome,44,french,1,132
118,843,202,281,rome,44,french,1,132
119,686,86,57,rome,44,french,1,132
120,260,92,139,rome,44,french,1,132
121,452,142,195,rome,44,french,1,132
122,641,89,111,rome,44,french,1,132
123,728,203,281,rome,44,french,1,132
124,671,123,138,rome,44,french,1,132
125,714,65,56,rome,44,french,1,132
126,694,121,55,rome,44,french,1,132
127,3,62,56,rome,44,french,1,132
128,170,122,138,rome,44,french,1,132
0,744,154,140,copenhagen,44,french,1,132
1,624,182,195,copenhagen,44,french,1,132
2,202,154,141,copenhagen,44,french,1,132
3,385,258,282,copenhagen,44,french,1,132
4,978,262,279,copenhagen,44,french,1,132
5,541,114,111,copenhagen,44,french,1,132
6,556,159,138,copenhagen,44,french,1,132
7,990,153,138,copenhagen,44,french,1,132
8,300,114,112,copenhagen,44,french,1,132
9,938,111,56,copenhagen,44,french,1,132
10,391,154,140,copenhagen,44,french,1,132
11,572,180,197,copenhagen,44,french,1,132
12,547,157,139,copenhagen,44,french,1,132
13,358,180,193,copenhagen,44,french,1,132
14,463,89,56,copenhagen,44,french,1,132
15,113,81,56,copenhagen,44,french,1,132
16,349,182,195,copenhagen,44,french,1,132
17,849,154,138,copenhagen,44,french,1,132
18,826,187,195,copenhagen,44,french,1,132
19,959,179,197,copenhagen,44,french,1,132
20,930,109,140,copenhagen,44,french,1,132
21,402,118,110,copenhagen,44,french,1,132
22,698,180,195,copenhagen,44,french,1,132
23,96,118,111,copenhagen,44,french,1,132
24,695,157,139,copenhagen,44,french,1,132
25,249,80,140,copenhagen,44,french,1,132
26,518,112,111,copenhagen,44,french,1,132
27,770,183,200,copenhagen,44,french,1,132
28,422,264,276,copenhagen,44,french,1,132
29,908,264,275,copenhagen,44,french,1,132
30,951,80,111,copenhagen,44,french,1,132
31,622,117,112,copenhagen,44,french,1,132
32,60,86,56,copenhagen,44,french,1,132
33,329,187,196,copenhagen,44,french,1,132
34,616,154,139,copenhagen,44,french,1,132
35,720,255,279,copenhagen,44,french,1,132
36,655,255,278,copenhagen,44,french,1,132
37,757,118,114,copenhagen,44,french,1,132
38,973,156,140,copenhagen,44,french,1,132
39,289,109,111,copenhagen,44,french,1,132
40,91,118,56,copenhagen,44,french,1,132
41,405,89,55,copenhagen,44,french,1,132
42,952,86,56,copenhagen,44,french,1,132
43,532,187,195,copenhagen,44,french,1,132
44,36,176,112,copenhagen,44,french,1,132
45,922,187,193,copenhagen,44,french,1,132
46,844,257,281,copenhagen,44,french,1,132
47,771,262,280,copenhagen,44,french,1,132
48,546,84,112,copenhagen,44,french,1,132
49,958,187,193,copenhagen,44,french,1,132
50,562,189,195,copenhagen,44,french,1,132
51,834,82,55,copenhagen,44,french,1,132
52,869,257,278,copenhagen,44,french,1,132
53,280,117,111,copenhagen,44,french,1,132
54,425,182,196,copenhagen,44,french,1,132
55,1,87,112,copenhagen,44,french,1,132
56,812,156,141,copenhagen,44,french,1,132
57,805,157,139,copenhagen,44,french,1,132
58,688,80,114,copenhagen,44,french,1,132
59,831,84,56,copenhagen,44,french,1,132
60,716,112,110,copenhagen,44,french,1,132
61,900,183,197,copenhagen,44,french,1,132
62,528,255,278,copenhagen,44,french,1,132
63,481,87,56,copenhagen,44,french,1,132
64,983,82,56,copenhagen,44,french,1,132
65,691,81,113,copenhagen,44,french,1,132
66,58,186,194,copenhagen,44,french,1,132
67,893,179,195,copenhagen,44,french,1,132
68,142,267,277,copenhagen,44,french,1,132
69,6,109,112,copenhagen,44,french,1,132
70,309,86,111,copenhagen,44,french,1,132
71,433,112,112,copenhagen,44,french,1,132
72,431,112,111,copenhagen,44,french,1,132
73,818,157,140,copenhagen,44,french,1,132
74,961,179,195,copenhagen,44,french,1,132
75,350,258,275,copenhagen,44,french,1,132
76,766,255,279,copenhagen,44,french,1,132
77,434,89,56,copenhagen,44,french,1,132
78,829,157,139,copenhagen,44,french,1,132
79,32,159,139,copenhagen,44,french,1,132
80,267,157,139,copenhagen,44,french,1,132
81,519,182,197,copenhagen,44,french,1,132
82,508,186,197,copenhagen,44,french,1,132
83,793,153,56,copenhagen,44,french,1,132
84,251,150,55,copenhagen,44,french,1,132
85,332,182,196,copenhagen,44,french,1,132
86,506,115,56,copenhagen,44,french,1,132
87,994,156,138,copenhagen,44,french,1,132
88,690,189,196,copenhagen,44,french,1,132
89,876,110,111,copenhagen,44,french,1,132
90,865,264,278,copenhagen,44,french,1,132
91,435,254,279,copenhagen,44,french,1,132
92,445,81,56,copenhagen,44,french,1,132
93,194,108,56,copenhagen,44,french,1,132
94,443,114,113,copenhagen,44,french,1,132
95,291,187,197,copenhagen,44,french,1,132
96,497,183,195,copenhagen,44,french,1,132
97,401,153,142,copenhagen,44,french,1,132
98,100,79,55,copenhagen,44,french,1,132
99,830,81,112,copenhagen,44,french,1,132
100,23,154,140,copenhagen,44,french,1,132
101,872,89,56,copenhagen,44,french,1,132
102,707,262,279,copenhagen,44,french,1,132
103,531,159,139,copenhagen,44,french,1,132
104,559,187,194,copenhagen,44,french,1,132
105,523,81,112,copenhagen,44,french,1,132
106,727,111,56,copenhagen,44,french,1,132
107,110,157,140,copenhagen,44,french,1,132
108,772,255,280,copenhagen,44,french,1,132
109,638,151,112,copenhagen,44,french,1,132
110,894,264,281,copenhagen,44,french,1,132
111,611,159,139,copenhagen,44,french,1,132
112,348,154,140,copenhagen,44,french,1,132
113,53,86,56,copenhagen,44,french,1,132
114,407,182,192,copenhagen,44,french,1,132
115,90,156,140,copenhagen,44,french,1,132
116,367,88,56,copenhagen,44,french,1,132
117,898,84,56,copenhagen,44,french,1,132
118,995,187,197,copenhagen,44,french,1,132
119,711,114,112,copenhagen,44,french,1,132
120,318,110,110,copenhagen,44,french,1,132
121,319,261,279,copenhagen,44,french,1,132
122,124,253,280,copenhagen,44,french,1,132
123,78,253,276,copenhagen,44,french,1,132
124,335,83,113,copenhagen,44,french,1,132
125,99,157,140,copenhagen,44,french,1,132
126,153,182,194,copenhagen,44,french,1,132
127,596,154,138,copenhagen,44,french,1,132
128,761,114,112,copenhagen,44,french,1,132
129,664,258,281,copenhagen,44,french,1,132
130,487,157,140,copenhagen,44,french,1,132
131,122,265,280,copenhagen,44,french,1,132
132,981,85,56,copenhagen,44,french,1,132
133,726,254,283,copenhagen,44,french,1,132
134,92,84,56,copenhagen,44,french,1,132
135,855,183,196,copenhagen,44,french,1,132
136,989,84,56,copenhagen,44,french,1,132
137,43,81,142,copenhagen,44,french,1,132
138,50,117,111,copenhagen,44,french,1,132
139,669,186,195,copenhagen,44,french,1,132
140,243,89,57,copenhagen,44,french,1,132
141,514,254,279,copenhagen,44,french,1,132
142,539,265,284,copenhagen,44,french,1,132
143,365,86,55,copenhagen,44,french,1,132
0,60,87,56,copenhagen,44,czech,1,132
1,514,257,279,copenhagen,44,czech,1,132
2,508,188,197,copenhagen,44,czech,1,132
3,401,155,142,copenhagen,44,czech,1,132
4,611,161,139,copenhagen,44,czech,1,132
5,541,115,111,copenhagen,44,czech,1,132
6,90,158,140,copenhagen,44,czech,1,132
7,36,178,112,copenhagen,44,czech,1,132
8,664,262,281,copenhagen,44,czech,1,132
9,358,182,193,copenhagen,44,czech,1,132
10,280,118,111,copenhagen,44,czech,1,132
11,443,115,113,copenhagen,44,czech,1,132
12,348,156,140,copenhagen,44,czech,1,132
13,110,159,140,copenhagen,44,czech,1,132
14,757,119,114,copenhagen,44,czech,1,132
15,506,117,56,copenhagen,44,czech,1,132
16,983,83,56,copenhagen,44,czech,1,132
17,831,85,56,copenhagen,44,czech,1,132
18,433,113,112,copenhagen,44,czech,1,132
19,961,181,195,copenhagen,44,czech,1,132
20,532,189,195,copenhagen,44,czech,1,132
21,32,161,139,copenhagen,44,czech,1,132
22,834,83,55,copenhagen,44,czech,1,132
23,688,81,114,copenhagen,44,czech,1,132
24,318,112,110,copenhagen,44,czech,1,132
25,391,156,140,copenhagen,44,czech,1,132
26,849,156,138,copenhagen,44,czech,1,132
27,100,80,55,copenhagen,44,czech,1,132
28,96,119,111,copenhagen,44,czech,1,132
29,539,268,284,copenhagen,44,czech,1,132
30,698,182,195,copenhagen,44,czech,1,132
31,981,86,56,copenhagen,44,czech,1,132
32,872,90,56,copenhagen,44,czech,1,132
33,23,156,140,copenhagen,44,czech,1,132
34,893,181,195,copenhagen,44,czech,1,132
35,622,118,112,copenhagen,44,czech,1,132
36,385,262,282,copenhagen,44,czech,1,132
37,92,85,56,copenhagen,44,czech,1,132
38,978,265,279,copenhagen,44,czech,1,132
39,638,153,112,copenhagen,44,czech,1,132
40,958,189,193,copenhagen,44,czech,1,132
41,973,158,140,copenhagen,44,czech,1,132
42,952,87,56,copenhagen,44,czech,1,132
43,91,119,56,copenhagen,44,czech,1,132
44,559,189,194,copenhagen,44,czech,1,132
45,727,113,56,copenhagen,44,czech,1,132
46,50,118,111,copenhagen,44,czech,1,132
47,546,85,112,copenhagen,44,czech,1,132
48,766,258,279,copenhagen,44,czech,1,132
49,58,188,194,copenhagen,44,czech,1,132
50,695,159,139,copenhagen,44,czech,1,132
51,43,82,142,copenhagen,44,czech,1,132
52,124,256,280,copenhagen,44,czech,1,132
53,367,89,56,copenhagen,44,czech,1,132
54,402,119,110,copenhagen,44,czech,1,132
55,142,270,277,copenhagen,44,czech,1,132
56,655,258,278,copenhagen,44,czech,1,132
57,431,113,111,copenhagen,44,czech,1,132
58,329,189,196,copenhagen,44,czech,1,132
59,194,110,56,copenhagen,44,czech,1,132
60,572,182,197,copenhagen,44,czech,1,132
61,770,186,200,copenhagen,44,czech,1,132
62,243,90,57,copenhagen,44,czech,1,132
63,771,265,280,copenhagen,44,czech,1,132
64,113,82,56,copenhagen,44,czech,1,132
65,349,185,195,copenhagen,44,czech,1,132
66,616,156,139,copenhagen,44,czech,1,132
67,249,81,140,copenhagen,44,czech,1,132
68,547,159,139,copenhagen,44,czech,1,132
69,720,258,279,copenhagen,44,czech,1,132
70,793,155,56,copenhagen,44,czech,1,132
71,938,113,56,copenhagen,44,czech,1,132
72,53,87,56,copenhagen,44,czech,1,132
73,528,258,278,copenhagen,44,czech,1,132
74,153,185,194,copenhagen,44,czech,1,132
75,300,115,112,copenhagen,44,czech,1,132
76,407,185,192,copenhagen,44,czech,1,132
77,855,186,196,copenhagen,44,czech,1,132
78,959,181,197,copenhagen,44,czech,1,132
79,772,258,280,copenhagen,44,czech,1,132
80,894,267,281,copenhagen,44,czech,1,132
81,990,155,138,copenhagen,44,czech,1,132
82,812,158,141,copenhagen,44,czech,1,132
83,497,186,195,copenhagen,44,czech,1,132
84,995,189,197,copenhagen,44,czech,1,132
85,994,158,138,copenhagen,44,czech,1,132
86,519,185,197,copenhagen,44,czech,1,132
87,844,261,281,copenhagen,44,czech,1,132
88,78,256,276,copenhagen,44,czech,1,132
89,711,115,112,copenhagen,44,czech,1,132
90,876,112,111,copenhagen,44,czech,1,132
91,481,88,56,copenhagen,44,czech,1,132
92,826,189,195,copenhagen,44,czech,1,132
93,716,113,110,copenhagen,44,czech,1,132
94,596,156,138,copenhagen,44,czech,1,132
95,435,257,279,copenhagen,44,czech,1,132
96,365,87,55,copenhagen,44,czech,1,132
97,829,159,139,copenhagen,44,czech,1,132
98,930,111,140,copenhagen,44,czech,1,132
99,900,186,197,copenhagen,44,czech,1,132
100,350,262,275,copenhagen,44,czech,1,132
101,922,189,193,copenhagen,44,czech,1,132
102,726,257,283,copenhagen,44,czech,1,132
103,309,87,111,copenhagen,44,czech,1,132
104,251,152,55,copenhagen,44,czech,1,132
105,707,265,279,copenhagen,44,czech,1,132
106,531,161,139,copenhagen,44,czech,1,132
107,445,82,56,copenhagen,44,czech,1,132
108,291,189,197,copenhagen,44,czech,1,132
109,6,111,112,copenhagen,44,czech,1,132
110,523,82,112,copenhagen,44,czech,1,132
111,122,268,280,copenhagen,44,czech,1,132
112,99,159,140,copenhagen,44,czech,1,132
113,818,159,140,copenhagen,44,czech,1,132
114,562,191,195,copenhagen,44,czech,1,132
115,405,90,55,copenhagen,44,czech,1,132
116,805,159,139,copenhagen,44,czech,1,132
117,518,113,111,copenhagen,44,czech,1,132
118,690,191,196,copenhagen,44,czech,1,132
119,289,111,111,copenhagen,44,czech,1,132
120,951,81,111,copenhagen,44,czech,1,132
121,869,261,278,copenhagen,44,czech,1,132
122,669,188,195,copenhagen,44,czech,1,132
123,989,85,56,copenhagen,44,czech,1,132
124,267,159,139,copenhagen,44,czech,1,132
125,332,185,196,copenhagen,44,czech,1,132
126,463,90,56,copenhagen,44,czech,1,132
127,830,82,112,copenhagen,44,czech,1,132
128,487,159,140,copenhagen,44,czech,1,132
129,624,185,195,copenhagen,44,czech,1,132
130,865,267,278,copenhagen,44,czech,1,132
131,744,156,140,copenhagen,44,czech,1,132
132,425,185,196,copenhagen,44,czech,1,132
133,556,161,138,copenhagen,44,czech,1,132
134,434,90,56,copenhagen,44,czech,1,132
135,422,267,276,copenhagen,44,czech,1,132
136,319,264,279,copenhagen,44,czech,1,132
137,335,84,113,copenhagen,44,czech,1,132
138,898,85,56,copenhagen,44,czech,1,132
139,908,267,275,copenhagen,44,czech,1,132
140,761,115,112,copenhagen,44,czech,1,132
141,691,82,113,copenhagen,44,czech,1,132
142,202,156,141,copenhagen,44,czech,1,132
143,1,88,112,copenhagen,44,czech,1,132
0,396,92,111,rome,44,italian,1,132
1,681,127,140,rome,44,italian,1,132
2,399,145,193,rome,44,italian,1,132
3,112,69,55,rome,44,italian,1,132
4,701,70,56,rome,44,italian,1,132
5,934,69,56,rome,44,italian,1,132
6,686,87,57,rome,44,italian,1,132
7,489,212,277,rome,44,italian,1,132
8,344,65,56,rome,44,italian,1,132
9,364,127,140,rome,44,italian,1,132
10,374,91,111,rome,44,italian,1,132
11,440,95,111,rome,44,italian,1,132
12,864,124,140,rome,44,italian,1,132
13,347,71,56,rome,44,italian,1,132
14,298,124,140,rome,44,italian,1,132
15,781,63,55,rome,44,italian,1,132
16,874,147,195,rome,44,italian,1,132
17,850,148,194,rome,44,italian,1,132
18,824,210,278,rome,44,italian,1,132
19,566,150,197,rome,44,italian,1,132
20,316,145,196,rome,44,italian,1,132
21,739,149,196,rome,44,italian,1,132
22,552,86,111,rome,44,italian,1,132
23,650,68,56,rome,44,italian,1,132
24,668,89,112,rome,44,italian,1,132
25,3,63,56,rome,44,italian,1,132
26,563,147,194,rome,44,italian,1,132
27,273,126,138,rome,44,italian,1,132
28,453,205,279,rome,44,italian,1,132
29,583,64,56,rome,44,italian,1,132
30,786,203,281,rome,44,italian,1,132
31,671,124,138,rome,44,italian,1,132
32,156,64,56,rome,44,italian,1,132
33,452,143,195,rome,44,italian,1,132
34,232,68,56,rome,44,italian,1,132
35,569,90,112,rome,44,italian,1,132
36,993,147,196,rome,44,italian,1,132
37,242,149,196,rome,44,italian,1,132
38,586,148,198,rome,44,italian,1,132
39,787,90,111,rome,44,italian,1,132
40,281,90,112,rome,44,italian,1,132
41,361,123,138,rome,44,italian,1,132
42,621,68,56,rome,44,italian,1,132
43,769,71,55,rome,44,italian,1,132
44,651,87,112,rome,44,italian,1,132
45,180,65,56,rome,44,italian,1,132
46,144,71,56,rome,44,italian,1,132
47,843,205,281,rome,44,italian,1,132
48,324,126,139,rome,44,italian,1,132
49,437,88,56,rome,44,italian,1,132
50,944,209,276,rome,44,italian,1,132
51,751,206,280,rome,44,italian,1,132
52,991,143,196,rome,44,italian,1,132
53,763,92,112,rome,44,italian,1,132
54,51,123,140,rome,44,italian,1,132
55,473,212,277,rome,44,italian,1,132
56,913,127,137,rome,44,italian,1,132
57,380,69,56,rome,44,italian,1,132
58,712,149,194,rome,44,italian,1,132
59,386,92,55,rome,44,italian,1,132
60,139,69,56,rome,44,italian,1,132
61,536,94,110,rome,44,italian,1,132
62,895,206,277,rome,44,italian,1,132
63,206,149,196,rome,44,italian,1,132
64,644,62,140,rome,44,italian,1,132
65,213,87,112,rome,44,italian,1,132
66,390,149,196,rome,44,italian,1,132
67,48,63,112,rome,44,italian,1,132
68,73,150,195,rome,44,italian,1,132
69,636,87,138,rome,44,italian,1,132
70,550,69,113,rome,44,italian,1,132
71,321,207,277,rome,44,italian,1,132
72,293,63,113,rome,44,italian,1,132
73,659,149,193,rome,44,italian,1,132
74,42,147,195,rome,44,italian,1,132
75,929,205,280,rome,44,italian,1,132
76,496,64,196,rome,44,italian,1,132
77,773,64,56,rome,44,italian,1,132
78,330,201,281,rome,44,italian,1,132
79,728,206,281,rome,44,italian,1,132
80,114,122,142,rome,44,italian,1,132
81,694,122,55,rome,44,italian,1,132
82,932,121,112,rome,44,italian,1,132
83,537,147,196,rome,44,italian,1,132
84,178,210,274,rome,44,italian,1,132
85,46,203,277,rome,44,italian,1,132
86,696,87,112,rome,44,italian,1,132
87,328,63,56,rome,44,italian,1,132
88,170,123,138,rome,44,italian,1,132
89,513,70,56,rome,44,italian,1,132
90,838,124,140,rome,44,italian,1,132
91,953,88,112,rome,44,italian,1,132
92,947,126,140,rome,44,italian,1,132
93,759,145,195,rome,44,italian,1,132
94,897,206,276,rome,44,italian,1,132
95,151,210,278,rome,44,italian,1,132
96,854,203,277,rome,44,italian,1,132
97,906,126,140,rome,44,italian,1,132
98,641,90,111,rome,44,italian,1,132
99,471,147,194,rome,44,italian,1,132
100,856,65,55,rome,44,italian,1,132
101,191,123,140,rome,44,italian,1,132
102,341,93,113,rome,44,italian,1,132
103,840,95,112,rome,44,italian,1,132
104,714,65,56,rome,44,italian,1,132
105,485,64,55,rome,44,italian,1,132
106,423,206,280,rome,44,italian,1,132
107,543,148,197,rome,44,italian,1,132
108,486,148,195,rome,44,italian,1,132
109,907,126,138,rome,44,italian,1,132
110,469,64,113,rome,44,italian,1,132
111,804,122,140,rome,44,italian,1,132
112,796,126,141,rome,44,italian,1,132
113,555,124,138,rome,44,italian,1,132
114,677,149,197,rome,44,italian,1,132
115,260,93,139,rome,44,italian,1,132
116,129,89,112,rome,44,italian,1,132
117,702,148,193,rome,44,italian,1,132
118,774,143,194,rome,44,italian,1,132
119,286,95,112,rome,44,italian,1,132
120,228,121,112,rome,44,italian,1,132
121,381,120,112,rome,44,italian,1,132
122,816,63,56,rome,44,italian,1,132
123,642,70,57,rome,44,italian,1,132
124,725,143,197,rome,44,italian,1,132
125,38,87,56,rome,44,italian,1,132
126,345,121,111,rome,44,italian,1,132
127,987,70,56,rome,44,italian,1,132
128,296,62,56,rome,44,italian,1,132
0,880,102,113,amsterdam,44,swedish,1,132
1,352,98,112,amsterdam,44,swedish,1,132
2,346,159,194,amsterdam,44,swedish,1,132
3,12,72,56,amsterdam,44,swedish,1,132
4,211,137,138,amsterdam,44,swedish,1,132
5,430,159,194,amsterdam,44,swedish,1,132
6,326,227,281,amsterdam,44,swedish,1,132
7,441,168,191,amsterdam,44,swedish,1,132
8,311,103,56,amsterdam,44,swedish,1,132
9,630,142,140,amsterdam,44,swedish,1,132
10,925,99,112,amsterdam,44,swedish,1,132
11,917,236,279,amsterdam,44,swedish,1,132
12,835,103,113,amsterdam,44,swedish,1,132
13,442,163,195,amsterdam,44,swedish,1,132
14,967,72,140,amsterdam,44,swedish,1,132
15,16,141,138,amsterdam,44,swedish,1,132
16,921,72,140,amsterdam,44,swedish,1,132
17,34,72,57,amsterdam,44,swedish,1,132
18,366,72,111,amsterdam,44,swedish,1,132
19,567,72,56,amsterdam,44,swedish,1,132
20,510,237,277,amsterdam,44,swedish,1,132
21,166,105,111,amsterdam,44,swedish,1,132
22,679,140,138,amsterdam,44,swedish,1,132
23,45,140,140,amsterdam,44,swedish,1,132
24,218,163,193,amsterdam,44,swedish,1,132
25,410,101,111,amsterdam,44,swedish,1,132
26,945,142,138,amsterdam,44,swedish,1,132
27,88,104,113,amsterdam,44,swedish,1,132
28,507,100,113,amsterdam,44,swedish,1,132
29,745,102,56,amsterdam,44,swedish,1,132
30,594,233,278,amsterdam,44,swedish,1,132
31,807,225,278,amsterdam,44,swedish,1,132
32,585,73,57,amsterdam,44,swedish,1,132
33,193,137,111,amsterdam,44,swedish,1,132
34,960,237,282,amsterdam,44,swedish,1,132
35,493,140,142,amsterdam,44,swedish,1,132
36,455,140,140,amsterdam,44,swedish,1,132
37,676,72,56,amsterdam,44,swedish,1,132
38,660,137,140,amsterdam,44,swedish,1,132
39,680,139,55,amsterdam,44,swedish,1,132
40,169,73,56,amsterdam,44,swedish,1,132
41,657,163,195,amsterdam,44,swedish,1,132
42,475,98,112,amsterdam,44,swedish,1,132
43,878,100,140,amsterdam,44,swedish,1,132
44,105,138,140,amsterdam,44,swedish,1,132
45,212,164,193,amsterdam,44,swedish,1,132
46,933,140,138,amsterdam,44,swedish,1,132
47,570,99,112,amsterdam,44,swedish,1,132
48,916,100,111,amsterdam,44,swedish,1,132
49,627,98,113,amsterdam,44,swedish,1,132
50,30,100,110,amsterdam,44,swedish,1,132
51,515,237,282,amsterdam,44,swedish,1,132
52,465,227,278,amsterdam,44,swedish,1,132
53,724,235,281,amsterdam,44,swedish,1,132
54,387,231,279,amsterdam,44,swedish,1,132
55,52,138,138,amsterdam,44,swedish,1,132
56,307,100,112,amsterdam,44,swedish,1,132
57,706,100,110,amsterdam,44,swedish,1,132
58,172,104,111,amsterdam,44,swedish,1,132
59,373,100,112,amsterdam,44,swedish,1,132
60,902,167,196,amsterdam,44,swedish,1,132
61,625,168,195,amsterdam,44,swedish,1,132
62,505,100,113,amsterdam,44,swedish,1,132
63,103,167,195,amsterdam,44,swedish,1,132
64,283,98,112,amsterdam,44,swedish,1,132
65,783,79,55,amsterdam,44,swedish,1,132
66,482,74,56,amsterdam,44,swedish,1,132
67,369,70,56,amsterdam,44,swedish,1,132
68,591,225,279,amsterdam,44,swedish,1,132
69,117,73,55,amsterdam,44,swedish,1,132
70,628,140,139,amsterdam,44,swedish,1,132
71,375,98,111,amsterdam,44,swedish,1,132
72,450,165,193,amsterdam,44,swedish,1,132
73,111,101,112,amsterdam,44,swedish,1,132
74,158,141,142,amsterdam,44,swedish,1,132
75,86,103,197,amsterdam,44,swedish,1,132
76,9,78,140,amsterdam,44,swedish,1,132
77,517,106,112,amsterdam,44,swedish,1,132
78,10,141,140,amsterdam,44,swedish,1,132
79,253,227,275,amsterdam,44,swedish,1,132
80,223,140,139,amsterdam,44,swedish,1,132
81,587,141,138,amsterdam,44,swedish,1,132
82,83,140,140,amsterdam,44,swedish,1,132
83,85,100,111,amsterdam,44,swedish,1,132
84,603,227,277,amsterdam,44,swedish,1,132
85,867,137,112,amsterdam,44,swedish,1,132
86,101,232,278,amsterdam,44,swedish,1,132
87,715,138,141,amsterdam,44,swedish,1,132
88,271,75,56,amsterdam,44,swedish,1,132
89,303,168,197,amsterdam,44,swedish,1,132
90,892,167,195,amsterdam,44,swedish,1,132
91,588,160,140,amsterdam,44,swedish,1,132
92,317,162,197,amsterdam,44,swedish,1,132
93,777,142,140,amsterdam,44,swedish,1,132
94,230,101,112,amsterdam,44,swedish,1,132
95,779,165,196,amsterdam,44,swedish,1,132
96,806,237,281,amsterdam,44,swedish,1,132
97,196,102,56,amsterdam,44,swedish,1,132
98,604,102,111,amsterdam,44,swedish,1,132
99,214,164,196,amsterdam,44,swedish,1,132
100,658,141,140,amsterdam,44,swedish,1,132
101,760,164,196,amsterdam,44,swedish,1,132
102,429,231,284,amsterdam,44,swedish,1,132
103,918,227,278,amsterdam,44,swedish,1,132
104,891,104,56,amsterdam,44,swedish,1,132
105,417,141,140,amsterdam,44,swedish,1,132
106,788,100,140,amsterdam,44,swedish,1,132
107,821,102,112,amsterdam,44,swedish,1,132
108,256,73,56,amsterdam,44,swedish,1,132
109,548,231,278,amsterdam,44,swedish,1,132
110,146,168,196,amsterdam,44,swedish,1,132
111,460,77,55,amsterdam,44,swedish,1,132
112,234,138,140,amsterdam,44,swedish,1,132
113,140,102,111,amsterdam,44,swedish,1,132
114,743,137,140,amsterdam,44,swedish,1,132
115,971,141,140,amsterdam,44,swedish,1,132
116,264,73,56,amsterdam,44,swedish,1,132
117,77,225,278,amsterdam,44,swedish,1,132
118,762,138,137,amsterdam,44,swedish,1,132
119,22,138,140,amsterdam,44,swedish,1,132
120,269,141,138,amsterdam,44,swedish,1,132
121,224,138,140,amsterdam,44,swedish,1,132
122,157,235,281,amsterdam,44,swedish,1,132
123,778,100,111,amsterdam,44,swedish,1,132
124,809,225,277,amsterdam,44,swedish,1,132
125,969,78,56,amsterdam,44,swedish,1,132
126,752,235,280,amsterdam,44,swedish,1,132
127,674,106,111,amsterdam,44,swedish,1,132
128,750,100,56,amsterdam,44,swedish,1,132
129,557,104,111,amsterdam,44,swedish,1,132
130,581,138,55,amsterdam,44,swedish,1,132
131,685,227,278,amsterdam,44,swedish,1,132
132,82,100,110,amsterdam,44,swedish,1,132
133,163,162,195,amsterdam,44,swedish,1,132
134,529,231,281,amsterdam,44,swedish,1,132
0,39,89,112,madrid,44,swedish,1,132
1,277,195,281,madrid,44,swedish,1,132
2,149,144,194,madrid,44,swedish,1,132
3,500,64,138,madrid,44,swedish,1,132
4,333,86,111,madrid,44,swedish,1,132
5,828,119,57,madrid,44,swedish,1,132
6,147,141,196,madrid,44,swedish,1,132
7,186,122,140,madrid,44,swedish,1,132
8,982,143,198,madrid,44,swedish,1,132
9,398,62,56,madrid,44,swedish,1,132
10,135,197,278,madrid,44,swedish,1,132
11,791,90,113,madrid,44,swedish,1,132
12,312,89,139,madrid,44,swedish,1,132
13,737,144,196,madrid,44,swedish,1,132
14,697,121,138,madrid,44,swedish,1,132
15,378,121,138,madrid,44,swedish,1,132
16,909,63,56,madrid,44,swedish,1,132
17,31,89,111,madrid,44,swedish,1,132
18,126,86,112,madrid,44,swedish,1,132
19,427,143,192,madrid,44,swedish,1,132
20,370,64,56,madrid,44,swedish,1,132
21,619,117,112,madrid,44,swedish,1,132
22,733,91,112,madrid,44,swedish,1,132
23,454,92,113,madrid,44,swedish,1,132
24,258,142,195,madrid,44,swedish,1,132
25,615,88,110,madrid,44,swedish,1,132
26,901,203,276,madrid,44,swedish,1,132
27,322,86,56,madrid,44,swedish,1,132
28,439,88,110,madrid,44,swedish,1,132
29,499,140,195,madrid,44,swedish,1,132
30,276,66,56,madrid,44,swedish,1,132
31,164,118,142,madrid,44,swedish,1,132
32,822,142,195,madrid,44,swedish,1,132
33,495,207,279,madrid,44,swedish,1,132
34,561,65,56,madrid,44,swedish,1,132
35,964,121,140,madrid,44,swedish,1,132
36,120,123,138,madrid,44,swedish,1,132
37,966,65,56,madrid,44,swedish,1,132
38,609,141,196,madrid,44,swedish,1,132
39,525,87,113,madrid,44,swedish,1,132
40,79,92,112,madrid,44,swedish,1,132
41,780,197,280,madrid,44,swedish,1,132
42,483,89,55,madrid,44,swedish,1,132
43,870,67,56,madrid,44,swedish,1,132
44,915,62,56,madrid,44,swedish,1,132
45,313,65,55,madrid,44,swedish,1,132
46,618,89,112,madrid,44,swedish,1,132
47,527,119,139,madrid,44,swedish,1,132
48,710,91,111,madrid,44,swedish,1,132
49,845,197,281,madrid,44,swedish,1,132
50,284,121,141,madrid,44,swedish,1,132
51,413,196,282,madrid,44,swedish,1,132
52,633,121,140,madrid,44,swedish,1,132
53,102,199,278,madrid,44,swedish,1,132
54,904,91,111,madrid,44,swedish,1,132
55,411,88,56,madrid,44,swedish,1,132
56,836,142,195,madrid,44,swedish,1,132
57,261,90,112,madrid,44,swedish,1,132
58,768,207,278,madrid,44,swedish,1,132
59,538,117,113,madrid,44,swedish,1,132
60,7,89,56,madrid,44,swedish,1,132
61,75,90,112,madrid,44,swedish,1,132
62,185,119,140,madrid,44,swedish,1,132
63,444,87,112,madrid,44,swedish,1,132
64,131,144,196,madrid,44,swedish,1,132
65,67,207,281,madrid,44,swedish,1,132
66,127,66,112,madrid,44,swedish,1,132
67,888,195,279,madrid,44,swedish,1,132
68,97,199,283,madrid,44,swedish,1,132
69,384,145,195,madrid,44,swedish,1,132
70,108,91,56,madrid,44,swedish,1,132
71,717,204,275,madrid,44,swedish,1,132
72,458,67,113,madrid,44,swedish,1,132
73,600,61,56,madrid,44,swedish,1,132
74,2,87,194,madrid,44,swedish,1,132
75,174,141,197,madrid,44,swedish,1,132
76,54,85,140,madrid,44,swedish,1,132
77,936,121,138,madrid,44,swedish,1,132
78,388,119,139,madrid,44,swedish,1,132
79,265,198,280,madrid,44,swedish,1,132
80,154,201,278,madrid,44,swedish,1,132
81,860,119,140,madrid,44,swedish,1,132
82,241,119,140,madrid,44,swedish,1,132
83,393,121,140,madrid,44,swedish,1,132
84,800,88,56,madrid,44,swedish,1,132
85,721,65,111,madrid,44,swedish,1,132
86,252,143,195,madrid,44,swedish,1,132
87,418,122,140,madrid,44,swedish,1,132
88,873,205,283,madrid,44,swedish,1,132
89,798,199,280,madrid,44,swedish,1,132
90,233,122,138,madrid,44,swedish,1,132
91,689,84,112,madrid,44,swedish,1,132
92,138,65,56,madrid,44,swedish,1,132
93,857,89,112,madrid,44,swedish,1,132
94,285,86,55,madrid,44,swedish,1,132
95,997,118,139,madrid,44,swedish,1,132
96,468,63,56,madrid,44,swedish,1,132
97,235,122,140,madrid,44,swedish,1,132
98,939,139,192,madrid,44,swedish,1,132
99,175,89,112,madrid,44,swedish,1,132
100,747,143,195,madrid,44,swedish,1,132
101,246,204,282,madrid,44,swedish,1,132
102,205,84,57,madrid,44,swedish,1,132
103,297,198,280,madrid,44,swedish,1,132
104,93,197,280,madrid,44,swedish,1,132
105,478,90,112,madrid,44,swedish,1,132
106,575,87,111,madrid,44,swedish,1,132
107,729,203,279,madrid,44,swedish,1,132
108,20,67,56,madrid,44,swedish,1,132
109,351,85,57,madrid,44,swedish,1,132
110,847,91,114,madrid,44,swedish,1,132
111,673,140,193,madrid,44,swedish,1,132
112,606,196,278,madrid,44,swedish,1,132
113,886,91,111,madrid,44,swedish,1,132
114,310,62,138,madrid,44,swedish,1,132
115,941,64,56,madrid,44,swedish,1,132
116,789,62,56,madrid,44,swedish,1,132
117,414,62,111,madrid,44,swedish,1,132
0,721,67,111,madrid,44,swedish,0,132
1,258,147,195,madrid,44,swedish,0,132
2,322,89,56,madrid,44,swedish,0,132
3,252,148,195,madrid,44,swedish,0,132
4,444,90,112,madrid,44,swedish,0,132
5,31,92,111,madrid,44,swedish,0,132
6,561,67,56,madrid,44,swedish,0,132
7,966,67,56,madrid,44,swedish,0,132
8,500,66,138,madrid,44,swedish,0,132
9,633,124,140,madrid,44,swedish,0,132
10,241,123,140,madrid,44,swedish,0,132
11,138,67,56,madrid,44,swedish,0,132
12,370,66,56,madrid,44,swedish,0,132
13,845,203,281,madrid,44,swedish,0,132
14,798,206,280,madrid,44,swedish,0,132
15,79,95,112,madrid,44,swedish,0,132
16,67,214,281,madrid,44,swedish,0,132
17,737,149,196,madrid,44,swedish,0,132
18,499,144,195,madrid,44,swedish,0,132
19,525,90,113,madrid,44,swedish,0,132
20,284,124,141,madrid,44,swedish,0,132
21,789,64,56,madrid,44,swedish,0,132
22,277,201,281,madrid,44,swedish,0,132
23,297,205,280,madrid,44,swedish,0,132
24,333,88,111,madrid,44,swedish,0,132
25,97,206,283,madrid,44,swedish,0,132
26,606,202,278,madrid,44,swedish,0,132
27,411,91,56,madrid,44,swedish,0,132
28,828,123,57,madrid,44,swedish,0,132
29,131,149,196,madrid,44,swedish,0,132
30,575,90,111,madrid,44,swedish,0,132
31,75,93,112,madrid,44,swedish,0,132
32,414,64,111,madrid,44,swedish,0,132
33,478,93,112,madrid,44,swedish,0,132
34,427,148,192,madrid,44,swedish,0,132
35,800,91,56,madrid,44,swedish,0,132
36,108,93,56,madrid,44,swedish,0,132
37,265,205,280,madrid,44,swedish,0,132
38,997,122,139,madrid,44,swedish,0,132
39,312,92,139,madrid,44,swedish,0,132
40,941,66,56,madrid,44,swedish,0,132
41,313,67,55,madrid,44,swedish,0,132
42,904,94,111,madrid,44,swedish,0,132
43,186,126,140,madrid,44,swedish,0,132
44,483,92,55,madrid,44,swedish,0,132
45,39,92,112,madrid,44,swedish,0,132
46,710,94,111,madrid,44,swedish,0,132
47,164,122,142,madrid,44,swedish,0,132
48,235,126,140,madrid,44,swedish,0,132
49,747,148,195,madrid,44,swedish,0,132
50,351,88,57,madrid,44,swedish,0,132
51,822,147,195,madrid,44,swedish,0,132
52,618,92,112,madrid,44,swedish,0,132
53,733,94,112,madrid,44,swedish,0,132
54,458,70,113,madrid,44,swedish,0,132
55,527,123,139,madrid,44,swedish,0,132
56,310,64,138,madrid,44,swedish,0,132
57,285,89,55,madrid,44,swedish,0,132
58,870,70,56,madrid,44,swedish,0,132
59,873,212,283,madrid,44,swedish,0,132
60,847,94,114,madrid,44,swedish,0,132
61,413,202,282,madrid,44,swedish,0,132
62,175,92,112,madrid,44,swedish,0,132
63,697,124,138,madrid,44,swedish,0,132
64,964,124,140,madrid,44,swedish,0,132
65,127,68,112,madrid,44,swedish,0,132
66,233,126,138,madrid,44,swedish,0,132
67,886,94,111,madrid,44,swedish,0,132
68,246,210,282,madrid,44,swedish,0,132
69,154,207,278,madrid,44,swedish,0,132
70,20,70,56,madrid,44,swedish,0,132
71,939,143,192,madrid,44,swedish,0,132
72,378,124,138,madrid,44,swedish,0,132
73,836,147,195,madrid,44,swedish,0,132
74,454,95,113,madrid,44,swedish,0,132
75,901,209,276,madrid,44,swedish,0,132
76,418,126,140,madrid,44,swedish,0,132
77,780,203,280,madrid,44,swedish,0,132
78,495,214,279,madrid,44,swedish,0,132
79,909,65,56,madrid,44,swedish,0,132
80,393,124,140,madrid,44,swedish,0,132
81,857,92,112,madrid,44,swedish,0,132
82,174,145,197,madrid,44,swedish,0,132
83,673,144,193,madrid,44,swedish,0,132
84,729,209,279,madrid,44,swedish,0,132
85,7,92,56,madrid,44,swedish,0,132
86,439,91,110,madrid,44,swedish,0,132
87,126,89,112,madrid,44,swedish,0,132
88,261,93,112,madrid,44,swedish,0,132
89,888,201,279,madrid,44,swedish,0,132
90,609,145,196,madrid,44,swedish,0,132
91,538,121,113,madrid,44,swedish,0,132
92,93,203,280,madrid,44,swedish,0,132
93,185,123,140,madrid,44,swedish,0,132
94,619,121,112,madrid,44,swedish,0,132
95,102,206,278,madrid,44,swedish,0,132
96,384,150,195,madrid,44,swedish,0,132
97,135,203,278,madrid,44,swedish,0,132
98,982,148,198,madrid,44,swedish,0,132
99,915,64,56,madrid,44,swedish,0,132
100,120,127,138,madrid,44,swedish,0,132
101,205,87,57,madrid,44,swedish,0,132
102,2,90,194,madrid,44,swedish,0,132
103,149,149,194,madrid,44,swedish,0,132
104,388,123,139,madrid,44,swedish,0,132
105,791,93,113,madrid,44,swedish,0,132
106,717,210,275,madrid,44,swedish,0,132
107,468,65,56,madrid,44,swedish,0,132
108,276,69,56,madrid,44,swedish,0,132
109,398,64,56,madrid,44,swedish,0,132
110,615,91,110,madrid,44,swedish,0,132
111,689,87,112,madrid,44,swedish,0,132
112,600,63,56,madrid,44,swedish,0,132
113,54,88,140,madrid,44,swedish,0,132
114,936,124,138,madrid,44,swedish,0,132
115,147,145,196,madrid,44,swedish,0,132
116,768,214,278,madrid,44,swedish,0,132
117,860,123,140,madrid,44,swedish,0,132
0,521,64,56,valletta,44,belgian,1,132
1,598,123,139,valletta,44,belgian,1,132
2,466,124,139,valletta,44,belgian,1,132
3,325,87,56,valletta,44,belgian,1,132
4,282,121,138,valletta,44,belgian,1,132
5,832,119,112,valletta,44,belgian,1,132
6,905,122,139,valletta,44,belgian,1,132
7,404,122,55,valletta,44,belgian,1,132
8,592,207,275,valletta,44,belgian,1,132
9,389,89,111,valletta,44,belgian,1,132
10,719,146,196,valletta,44,belgian,1,132
11,200,124,140,valletta,44,belgian,1,132
12,480,65,56,valletta,44,belgian,1,132
13,363,122,140,valletta,44,belgian,1,132
14,55,92,111,valletta,44,belgian,1,132
15,209,61,140,valletta,44,belgian,1,132
16,639,142,194,valletta,44,belgian,1,132
17,985,63,113,valletta,44,belgian,1,132
18,424,145,196,valletta,44,belgian,1,132
19,160,87,56,valletta,44,belgian,1,132
20,334,70,56,valletta,44,belgian,1,132
21,512,145,195,valletta,44,belgian,1,132
22,754,210,277,valletta,44,belgian,1,132
23,476,121,56,valletta,44,belgian,1,132
24,371,86,113,valletta,44,belgian,1,132
25,134,69,56,valletta,44,belgian,1,132
26,106,124,140,valletta,44,belgian,1,132
27,732,147,195,valletta,44,belgian,1,132
28,360,147,194,valletta,44,belgian,1,132
29,501,68,56,valletta,44,belgian,1,132
30,237,125,140,valletta,44,belgian,1,132
31,377,122,140,valletta,44,belgian,1,132
32,965,122,140,valletta,44,belgian,1,132
33,376,146,195,valletta,44,belgian,1,132
34,746,141,194,valletta,44,belgian,1,132
35,718,121,140,valletta,44,belgian,1,132
36,295,64,56,valletta,44,belgian,1,132
37,504,142,196,valletta,44,belgian,1,132
38,81,122,140,valletta,44,belgian,1,132
39,491,143,196,valletta,44,belgian,1,132
40,861,146,196,valletta,44,belgian,1,132
41,400,85,141,valletta,44,belgian,1,132
42,643,68,55,valletta,44,belgian,1,132
43,988,123,137,valletta,44,belgian,1,132
44,749,92,55,valletta,44,belgian,1,132
45,709,121,138,valletta,44,belgian,1,132
46,859,121,111,valletta,44,belgian,1,132
47,244,206,280,valletta,44,belgian,1,132
0,502,77,112,vilnius,44,maltese,1,132
1,84,168,277,vilnius,44,maltese,1,132
2,648,55,110,vilnius,44,maltese,1,132
3,177,119,197,vilnius,44,maltese,1,132
4,409,77,112,vilnius,44,maltese,1,132
5,955,56,57,vilnius,44,maltese,1,132
6,461,52,111,vilnius,44,maltese,1,132
7,765,55,56,vilnius,44,maltese,1,132
8,72,52,56,vilnius,44,maltese,1,132
9,356,71,139,vilnius,44,maltese,1,132
10,61,167,281,vilnius,44,maltese,1,132
11,479,119,197,vilnius,44,maltese,1,132
12,247,122,194,vilnius,44,maltese,1,132
13,161,104,138,vilnius,44,maltese,1,132
14,221,51,56,vilnius,44,maltese,1,132
15,394,53,139,vilnius,44,maltese,1,132
16,623,170,276,vilnius,44,maltese,1,132
17,362,78,113,vilnius,44,maltese,1,132
18,914,52,55,vilnius,44,maltese,1,132
19,758,57,55,vilnius,44,maltese,1,132
20,632,77,57,vilnius,44,maltese,1,132
21,395,53,56,vilnius,44,maltese,1,132
22,954,103,140,vilnius,44,maltese,1,132
23,935,57,55,vilnius,44,maltese,1,132
24,40,101,137,vilnius,44,maltese,1,132
25,820,122,195,vilnius,44,maltese,1,132
26,687,102,141,vilnius,44,maltese,1,132
27,294,55,55,vilnius,44,maltese,1,132
28,320,102,140,vilnius,44,maltese,1,132
29,340,72,56,vilnius,44,maltese,1,132
30,545,104,140,vilnius,44,maltese,1,132
31,670,72,56,vilnius,44,maltese,1,132
32,488,172,279,vilnius,44,maltese,1,132
33,19,51,56,vilnius,44,maltese,1,132
34,520,77,56,vilnius,44,maltese,1,132
35,498,77,112,vilnius,44,maltese,1,132
36,355,77,112,vilnius,44,maltese,1,132
37,18,52,57,vilnius,44,maltese,1,132
38,879,103,140,vilnius,44,maltese,1,132
39,490,104,140,vilnius,44,maltese,1,132
40,451,99,140,vilnius,44,maltese,1,132
41,503,169,279,vilnius,44,maltese,1,132
42,593,54,112,vilnius,44,maltese,1,132
43,136,75,111,vilnius,44,maltese,1,132
44,957,56,112,vilnius,44,maltese,1,132
45,432,120,197,vilnius,44,maltese,1,132
46,667,100,140,vilnius,44,maltese,1,132
47,183,121,195,vilnius,44,maltese,1,132
48,89,76,112,vilnius,44,maltese,1,132
49,125,52,56,vilnius,44,maltese,1,132
50,589,55,56,vilnius,44,maltese,1,132
51,551,54,55,vilnius,44,maltese,1,132
52,187,122,194,vilnius,44,maltese,1,132
53,408,102,140,vilnius,44,maltese,1,132
54,887,101,140,vilnius,44,maltese,1,132
55,819,119,196,vilnius,44,maltese,1,132
56,59,101,140,vilnius,44,maltese,1,132
57,568,77,112,vilnius,44,maltese,1,132
58,813,103,140,vilnius,44,maltese,1,132
59,74,103,138,vilnius,44,maltese,1,132
60,533,122,197,vilnius,44,maltese,1,132
61,654,119,194,vilnius,44,maltese,1,132
62,104,52,112,vilnius,44,maltese,1,132
63,217,119,197,vilnius,44,maltese,1,132
64,516,173,277,vilnius,44,maltese,1,132
65,80,169,280,vilnius,44,maltese,1,132
66,420,52,111,vilnius,44,maltese,1,132
67,198,102,138,vilnius,44,maltese,1,132
68,464,72,112,vilnius,44,maltese,1,132
69,197,101,141,vilnius,44,maltese,1,132
70,240,122,193,vilnius,44,maltese,1,132
71,204,53,56,vilnius,44,maltese,1,132
72,678,76,112,vilnius,44,maltese,1,132
73,956,73,110,vilnius,44,maltese,1,132
74,76,53,56,vilnius,44,maltese,1,132
75,811,101,141,vilnius,44,maltese,1,132
76,794,175,277,vilnius,44,maltese,1,132
77,620,119,196,vilnius,44,maltese,1,132
78,5,119,195,vilnius,44,maltese,1,132
79,950,72,56,vilnius,44,maltese,1,132
80,155,75,111,vilnius,44,maltese,1,132
81,881,122,195,vilnius,44,maltese,1,132
82,47,119,195,vilnius,44,maltese,1,132
83,607,102,138,vilnius,44,maltese,1,132
84,605,123,195,vilnius,44,maltese,1,132
85,974,103,139,vilnius,44,maltese,1,132
86,118,78,112,vilnius,44,maltese,1,132
87,406,51,56,vilnius,44,maltese,1,132
88,288,103,139,vilnius,44,maltese,1,132
89,976,75,56,vilnius,44,maltese,1,132
90,215,73,56,vilnius,44,maltese,1,132
91,740,103,138,vilnius,44,maltese,1,132
92,279,52,56,vilnius,44,maltese,1,132
93,448,101,142,vilnius,44,maltese,1,132
94,896,52,111,vilnius,44,maltese,1,132
95,189,100,140,vilnius,44,maltese,1,132
